year,Logged GDP per capita,Social support,Healthy life expectancy,Freedom to make life choices,Generosity,Perceptions of corruption,Country_encoded
2018,10.366,0.863,69.3,0.87,-0.254,0.72,117
2013,10.091,0.795,65.12,0.541,-0.229,0.698,146
2015,8.361,0.562,57.3,0.587,0.085,0.717,111
2012,10.282,0.889,67.22,0.697,-0.192,0.793,44
2011,10.657,0.949,71.38,0.9,0.336,0.438,151
2011,7.425,0.819,45.42,0.54,0.031,0.876,27
2019,7.705,0.748,59.0,0.754,0.053,0.732,45
2008,7.215,0.591,42.1,0.716,0.148,0.925,126
2017,9.885,0.881,68.3,0.626,-0.083,0.756,97
2015,10.335,0.929,65.5,0.641,-0.254,0.924,84
2012,10.716,0.825,69.44666666666667,0.698,0.022,0.803,139
2007,8.824,0.811,67.06,0.841875,-0.176,0.755,29
2008,9.662,0.916,69.82,0.912,0.096,0.816,34
2021,8.361,0.688,60.704,0.779,0.154,0.825,74
2020,8.175,0.72,54.3,0.675,0.049,0.837,24
2013,10.074,0.889,61.76,0.782,-0.229,0.82,73
2012,9.086,0.757,63.813,0.636,0.027,0.95,75
2010,7.254,0.812,43.9,0.726,0.012,0.91,126
2014,9.856,0.88,64.62,0.647,-0.048,0.682,11
2014,7.734,0.789,55.26,0.654,0.11,0.878,141
2010,7.647,0.539,51.6,0.6,0.121,0.707,0
2013,10.571,0.958,72.36,0.944,0.237,0.312,104
2018,10.097,0.89,69.9,0.789,-0.06,0.816,28
2010,10.106,0.896,65.6,0.514,-0.145,0.983,60
2008,7.879,0.619,56.9,0.914,0.045,0.888,23
2018,8.028,0.621,57.2,0.56,0.086,0.794,31
2015,6.935,0.494,55.5,0.801,0.058,0.835,87
2011,10.435,0.914,68.24,0.787,-0.106,0.95,37
2014,8.121,0.693,60.02,0.938,0.239,0.843,23
2020,9.991,0.916,67.2,0.818,-0.004,0.901,20
2016,10.792,0.89,65.7,0.774,-0.132,0.5446666666666666,123
2006,8.993,0.647,65.12,0.553,-0.267,0.752,50
2018,7.823,0.63,54.4,0.731,0.092,0.778,55
2018,10.376,0.922,68.9,0.758,-0.167,0.91,128
2013,10.069,0.751,68.2,0.627,-0.204,0.936,35
2016,8.225,0.746,60.8,0.958,0.076,0.84,23
2007,10.587,0.957,72.06,0.782,-0.093,0.784,132
2012,7.52,0.744,50.78,0.622,-0.07,0.726,21
2011,10.091,0.79,68.0,0.517,-0.198,0.977,35
2012,8.799,0.676,64.1,0.757,-0.187,0.845,98
2009,9.949,0.812,64.96,0.606,-0.196,0.967,120
2011,7.125,0.387,43.08,0.78,-0.016,0.834,26
2018,8.914,0.554,65.9,0.773,-0.234,0.843,98
2016,8.46,0.647,56.4,0.751,0.09,0.894,52
2010,10.551,0.822,72.4,0.755,0.073,0.833,36
2021,9.076,0.83,62.0,0.917,-0.009307692307692308,0.742,116
2015,9.442,0.517,65.1,0.64,-0.205,0.502,50
2018,8.523,0.774,59.0,0.906,0.49,0.647,100
2009,10.044,0.908,60.42,0.617,-0.283,0.954,121
2006,10.972,0.967,70.14,0.943,0.242,0.473,66
2010,8.746,0.602125,63.5,0.663,-0.162,0.9,98
2019,10.893,0.886,72.5,0.885,0.057,0.462,51
2020,9.019,0.696,66.7,0.924,-0.126,0.583,43
2020,10.3,0.928,67.4,0.82,-0.078,0.809,79
2010,10.693,0.88,64.4,0.678,-0.033,0.5446666666666666,123
2010,8.797,0.807,61.0,0.703,-0.068,0.781,16
2016,7.993,0.493,53.5,0.78,-0.065,0.838,14
2012,11.567,0.914,72.06,0.917,0.059,0.403,85
2017,9.491,0.823,62.3,0.779,-0.019,0.673,83
2021,9.458,0.832,68.25,0.822,-0.11163636363636363,0.891,115
2009,8.989,0.924,59.44,0.7883749999999999,-0.102,0.888,147
2021,9.88,0.891,71.4,0.934,0.02,0.809,34
2013,10.004,0.778,65.86,0.655,-0.129,0.952,120
2015,8.173,0.729,60.4,0.956,0.21,0.825,23
2019,11.136,0.949,74.4,0.913,0.036,0.294,137
2016,9.354,0.719,59.0,0.666,-0.052,0.799,65
2011,9.278,0.869,64.62,0.666,0.191,0.756,114
2020,9.495,0.797,68.3,0.84,-0.085,0.808,30
2010,9.607,0.906,64.5,0.806,-0.054,0.656,19
2021,7.677,0.781,56.101,0.709,0.03910000000000001,0.855,148
2009,8.483,0.815,66.34,0.834,-0.062,0.838,156
2011,7.772,0.751,62.56,0.776,-0.119,0.672,140
2012,8.956,0.806,64.6,0.683,-0.155,0.786,43
2013,10.053,0.862,69.32,0.737,0.085,0.741,28
2008,10.929,0.983,70.82,0.894,0.322,0.487,66
2019,10.407,0.878,69.7,0.883,-0.231,0.696,117
2019,9.891,0.852,68.6,0.903,-0.141,0.809,94
2014,7.477,0.554,50.54,0.509,0.285,0.708,57
2011,9.331,0.759,66.68,0.487,-0.205,0.877,1
2013,9.443,0.664,64.62,0.73,0.216,0.685,64
2012,8.611,0.693,56.6,0.8997499999999999,0.232,0.644,78
2017,9.968,0.914,68.9,0.898,-0.091,0.627,153
2017,9.382,0.858,64.3,0.599,-0.002,0.937,149
2013,10.669,0.908,72.8,0.878,-0.125,0.699,47
2006,6.776,0.879,44.8,0.684,0.041,0.758,99
2021,8.947,0.728,58.968,0.91,0.295875,0.658,78
2010,7.812,0.6615,54.3,0.764,-0.058,0.597,39
2016,10.149,0.911,63.5,0.714,-0.181,0.925,121
2014,9.411,0.788,66.86,0.412,0.232,0.976,17
2013,10.576,0.869,73.898,0.775,-0.281,0.715,108
2008,9.045,0.872,60.94,0.641,-0.056,0.926,95
2019,7.449,0.611,52.4,0.718,0.074,0.874,126
2011,8.707,0.789,60.8,0.883,0.073,0.783,116
2013,9.638,0.828,66.68,0.533,-0.1,0.908,125
2007,9.117,0.548,65.04,0.464,-0.267,0.697,50
2006,8.912,0.864,65.78,0.724,0.062,0.838,133
2016,8.029,0.839,58.8,0.744,-0.086,0.794,124
2020,9.788,0.852,69.0,0.843,0.149,0.824,125
2016,9.45,0.875,55.7,0.774,-0.07,0.813,130
2015,9.225,0.809,61.5,0.779,0.471,0.946,63
2011,9.431,0.859,62.5,0.579,-0.228,0.933,149
2012,10.091,0.902,67.66,0.747,-0.148,0.817,4
2006,8.039,0.909,50.22,0.616,-0.02,0.86,74
2017,8.276,0.765,61.2,0.964,0.088,0.821,23
2005,9.849,0.922,66.3,0.782,-0.09540000000000001,0.983,117
2014,9.607,0.799,64.36,0.733,-0.208,0.654,8
2006,7.616,0.874,57.2,0.689,0.13140000000000002,0.897,102
2017,9.434,0.83,67.8,0.827,-0.154,0.895,115
2007,9.881,0.871,65.12,0.844,0.089,0.799,88
2009,10.709,0.904,65.94,0.896,0.037,0.506,9
2007,7.903,0.718,54.06,0.698,-0.002,0.827,124
2005,9.036,0.848,59.7,0.817,-0.13130769230769232,0.8282499999999999,42
2021,6.635,0.49,53.4,0.626,-0.035,0.607,22
2018,9.617,0.824,62.3,0.781,-0.101,0.646,83
2016,9.688,0.895,67.4,0.614,-0.068,0.89,125
2018,9.423,0.892,65.0,0.824,-0.084,0.929,95
2017,9.262,0.792,63.813,0.858,0.117,0.925,75
2017,7.157,0.678,53.2,0.823,-0.03,0.682,99
2006,8.562,0.795,59.8,0.828,0.063,0.841,116
2016,8.593,0.774,66.8,0.85,0.08,0.793,58
2007,7.196,0.594,49.14,0.79,0.115,0.776,82
2013,10.762,0.928,72.5,0.933,0.269,0.432,6
2009,7.909,0.81,55.42,0.557,-0.036,0.918,124
2012,9.513,0.798,64.811,0.613,-0.084,0.92,109
2007,8.434,0.866,64.48,0.836,0.14,0.826,105
2016,10.91,0.845,66.3,0.841,-0.075,0.557,76
2020,9.802,0.806,66.4,0.835,-0.128,0.636,40
2007,8.833,0.881,58.82,0.781,0.064,0.918,96
2015,9.266,0.73,60.8,0.659,-0.089,0.684,42
2018,7.348,0.596,54.7,0.612,-0.007,0.809,143
2014,9.222,0.816,65.9,0.729,-0.104,0.6945,72
2021,6.958,0.537,57.948,0.78,0.08374999999999999,0.729,87
2013,7.599,0.82,49.48,0.665,-0.053,0.755,90
2019,8.155,0.638,55.8,0.811,0.077,0.832,158
2015,10.531,0.956,73.5,0.732,-0.072,0.822,132
2016,6.785,0.29,44.9,0.624,0.033,0.859,26
2021,8.454,0.693,64.8,0.877,-0.018099999999999998,0.682,10
2015,9.799,0.878,70.7,0.907,-0.059,0.761,34
2018,9.296,0.822,63.813,0.89,0.269,0.922,75
2014,10.412,0.908,70.0,0.888,0.052,0.909,129
2010,7.604,0.813,52.3,0.597,0.139,0.866,141
2010,7.091,0.483,42.7,0.69,-0.036,0.845,26
2014,9.664,0.898,65.54,0.714,-0.115,0.71,19
2019,11.114,0.862,67.3,0.911,0.129,0.3715,150
2016,9.197,0.82,66.4,0.771,-0.038,0.6945,72
2008,10.793,0.923,71.62,0.912,0.125,0.314,136
2009,8.345,0.855,60.82,0.699,-0.14,0.896,77
2020,10.478,0.953,71.7,0.958,-0.081,0.797,129
2007,10.792,0.922,70.26,0.901,0.069,0.721,12
2014,10.94,0.834,76.82,0.843,0.224,0.423,59
2013,10.515,0.909,72.58,0.739,0.15,0.849,67
2015,8.477,0.857,63.2,0.813,0.2,0.858,77
2011,11.017,0.882,64.9,0.769,-0.074,0.56,76
2006,8.251,0.807,53.92,0.925,0.439,0.688,78
2018,10.727,0.921,73.8,0.816,-0.138,0.582,47
2015,10.716,0.948,71.6,0.93,0.111,0.223,46
2015,7.141,0.666,51.2,0.813,0.089,0.632,99
2010,10.879,0.973,71.5,0.856,0.348,0.618,66
2006,10.015,0.954,66.0,0.542,-0.05,0.946,128
2014,10.041,0.753,66.08,0.754,-0.1,0.958,120
2016,10.623,0.937,72.8,0.927,0.266,0.278,104
2021,8.118,0.71,59.802,0.695,-0.055363636363636365,0.801,124
2013,7.964,0.577,52.54,0.783,-0.085,0.856,14
2021,8.551,0.644,50.114,0.741,-0.03219999999999999,0.794,69
2014,8.12,0.778,49.9,0.795,-0.071,0.856,24
2010,9.576,0.898,65.5,0.86,0.536,0.917,142
2017,9.073,0.896,66.3,0.636,-0.169,0.844,155
2014,8.45,0.651,55.62,0.677,0.001,0.913,52
2014,9.414,0.558,65.04,0.72,-0.233,0.416,50
2009,8.984,0.856,61.12,0.551,-0.099,0.925,95
2017,8.306,0.715,59.5,0.853,0.234,0.854,74
2020,9.231,0.719,67.5,0.668,-0.202,0.877,145
2014,8.457,0.775,62.054,0.657,-0.147,0.804,112
2007,7.522,0.708,49.6,0.716,-0.013,0.707,141
2017,8.485,0.824,62.054,0.632,-0.163,0.831,112
2019,11.061,0.942,73.3,0.954,0.111,0.271,110
2014,6.935,0.512,54.48,0.786,0.061,0.824,87
2010,10.066,0.927,67.3,0.73,-0.126,0.855,4
2019,10.393,0.947,68.0,0.798,-0.195,0.884,60
2020,8.484,0.739,50.5,0.713,0.099,0.913,107
2018,10.307,0.913,66.8,0.608,-0.212,0.799,79
2010,10.756,0.939,70.9,0.843,0.095,0.688,51
2011,9.81,0.824,66.68,0.831,-0.099,0.698,94
2011,8.481,0.75,54.82,0.567,0.052,0.747,92
2021,8.145,0.708,55.809,0.782,0.015200000000000002,0.823,158
2013,8.581,0.663,47.58,0.622,0.051,0.905,107
2016,9.406,0.94,65.3,0.854,-0.071,0.756,114
2017,9.36,0.849,68.2,0.879,-0.167,0.734,41
2017,10.314,0.882,68.9,0.831,-0.122,0.639,117
2020,8.362,0.724,62.4,0.963,0.052,0.863,23
2021,9.585,0.671,64.3,0.783,-0.2439166666666667,0.655,50
2007,9.33,0.894,65.34,0.786,-0.04,0.86,30
2013,8.23,0.757,57.38,0.775,0.689,0.638,100
2012,9.804,0.838,65.9,0.641,-0.172,0.938,20
2008,10.796,0.951,70.08,0.934,0.028,0.217,46
2021,10.358,0.943,68.0,0.755,-0.157,0.876,60
2021,11.023,0.92,68.2,0.837,0.18090909090909094,0.698,152
2010,9.556,0.866,52.9,0.826,-0.143,0.814,18
2017,10.764,0.84,66.0,0.814,-0.131,0.5446666666666666,123
2018,10.344,0.941,67.6,0.693,-0.243,0.911,60
2010,10.691,0.831,69.6,0.677,0.005,0.821,139
2012,9.249,0.676,65.52,0.502,-0.215,0.893,5
2017,8.517,0.669,56.8,0.783,0.079,0.839,52
2019,8.126,0.88,64.4,0.758888888888889,-0.045,0.49,140
2021,9.266,0.691,67.201,0.656,-0.19274999999999998,0.87,145
2021,10.155,0.952,65.2,0.853,-0.14375000000000002,0.733,73
2012,7.821,0.729,62.72,0.749,-0.073,0.717,140
2012,9.471,0.914,66.14,0.828,-0.009,0.868,30
2014,9.245,0.619,60.64,0.578,-0.126,0.749,42
2017,7.404,0.652,49.2,0.711,0.079,0.848,126
2018,9.204,0.864,56.5,0.754,-0.169,0.846,101
2009,9.508,0.893,65.16,0.868,0.525,0.904,142
2008,8.22,0.684,56.56,0.756,-0.072,0.891,62
2014,9.576,0.793,65.053,0.645,0.035,0.861,109
2013,9.772,0.708,65.44,0.655,-0.004,0.921,80
2021,7.686,0.69,55.16,0.697,0.2605,0.746,49
2018,10.881,0.931,72.6,0.942,0.077,0.263,136
2006,7.783,0.672,59.02,0.612,0.068,0.786,10
2009,8.329,0.738,62.132,0.468,-0.085,0.797,112
2017,11.0,0.831,76.82,0.831,0.14,0.416,59
2009,9.347,0.899,64.46,0.771,-0.075,0.739,72
2016,9.025,0.794,65.5,0.8,-0.185,0.797,43
2006,9.386,0.913,48.02,0.649,-0.084,0.8410000000000001,130
2007,8.887,0.717,63.24,0.639,-0.015,0.785,43
2008,10.887,0.935,71.08,0.879,0.291,0.614,7
2020,10.759333333333334,0.901,69.44666666666667,0.799,0.013625,0.711,139
2009,10.652,0.88,72.62,0.701,0.24,0.89,68
2021,9.787,0.873,68.6,0.778,-0.0845,0.835,125
2012,8.192,0.622,54.96,0.773,-0.112,0.8,32
2020,9.769,0.867,67.6,0.84,0.273,0.918,142
2015,11.086,0.824,66.5,0.915,0.201,0.3715,150
2012,10.889,0.945,71.68,0.92,0.118,0.771,7
2009,9.332,0.845,61.68,0.46,-0.241,0.962,149
2007,8.773,0.849,57.26,0.694,0.11,0.836,56
2008,9.911,0.804,68.78,0.64,0.084,0.741,28
2014,7.718,0.526,52.88,0.509,0.104,0.871,0
2006,7.711,0.822,41.58,0.431,-0.076,0.905,159
2013,9.151,0.865,66.46,0.793,-0.021,0.931,70
2009,8.106,0.911,53.7,0.71,0.077,0.701,134
2008,7.915,0.382,50.9,0.709,-0.004,0.825,14
2014,7.391,0.708,53.28,0.59,-0.03,0.869,82
2009,10.824,0.939,70.24,0.949,0.264,0.206,38
2014,9.399,0.831,67.44,0.719,-0.167,0.661,41
2010,10.447,0.816,71.4,0.677,-0.033,0.752,131
2015,8.149,0.646,50.3,0.791,0.049,0.868,24
2012,7.339,0.673,56.64,0.487,-0.055,0.854,86
2015,10.881,0.928,72.1,0.9,0.099,0.557,7
2009,7.273,0.559,54.62,0.766,-0.001,0.41,122
2005,9.246,0.92,63.5,0.7444166666666668,-0.10763636363636363,0.67,72
2016,7.356,0.746,58.3,0.57,-0.069,0.864,86
2013,10.804,0.916,72.14,0.936,0.159,0.324,136
2007,10.699,0.97,70.46,0.838,0.336,0.498,151
2006,7.37,0.76,46.48,0.747,-0.041,0.807,148
2012,9.842,0.855,62.66,0.712,-0.032,0.791,83
2007,8.533,0.682,53.66,0.573,-0.072,0.586,92
2015,9.81,0.74,67.9,0.583,-0.144,0.781,97
2012,8.756,0.813,61.0,0.914,0.053,0.771,116
2020,10.219,0.857,67.6,0.51,-0.111,0.774,146
2006,9.85,0.836,68.66,0.744,0.168,0.634,28
2007,10.546,0.967,71.4,0.878,0.279,0.295,104
2014,10.446,0.878,68.66,0.8,-0.168,0.897,37
2015,11.486,0.863,68.3,0.898,0.13633333333333333,0.184,119
2012,8.296,0.813,54.56,0.412,-0.056,0.734,134
2015,9.383,0.863,66.6,0.902,0.319,0.859,133
2012,9.249,0.788,67.92,0.808,-0.185,0.755,29
2019,7.264,0.712,56.9,0.706,0.051,0.828,82
2015,9.219,0.848,60.2,0.83,0.277,0.634,15
2015,8.393,0.704,47.7,0.8,-0.053,0.744,69
2010,8.729,0.934,64.1,0.647,0.008,0.743,138
2014,10.882,0.899,71.96,0.885,0.118,0.567,7
2021,7.926,0.787,48.7,0.715,-0.121,0.915,81
2021,10.016,0.931,67.0,0.788,-0.13024999999999998,0.932,20
2015,10.878,0.96,71.5,0.941,0.222,0.191,38
2012,9.246,0.73,59.12,0.315,-0.02,0.789,65
2021,10.575,0.939,73.503,0.8,0.1275,0.753,67
2008,9.256,0.709,65.0,0.462,-0.215,0.876,5
2015,7.992,0.736,53.8,0.667,-0.123,0.81,159
2015,10.259,0.835,71.8,0.532,-0.272,0.824,53
2012,7.437,0.749,41.42,0.482,0.289,0.717,57
2009,9.544,0.913,64.26,0.767,-0.055,0.723,19
2015,10.785,0.853,67.7,0.85,0.112,0.59525,9
2021,10.217,0.924,70.799,0.754,-0.141625,0.939,35
2017,11.05,0.95,73.1,0.953,0.236,0.25,110
2011,6.979,0.818,48.32,0.639,-0.024,0.719,99
2020,8.102,0.507,55.1,0.783,-0.083,0.532,14
2011,9.997,0.905,60.72,0.878,-0.235,0.802,73
2019,7.699,0.694,55.3,0.677,0.41,0.798,49
2012,8.543,0.818,47.12,0.652,0.066,0.9,107
2008,10.606,0.83,69.14,0.642,-0.017,0.785,139
2014,9.378,0.626,67.52,0.735,-0.025,0.883,1
2006,10.566,0.878,71.44,0.836,0.018,0.712,36
2018,11.025,0.904,68.3,0.825,0.116,0.71,152
2013,8.09,0.76,49.5,0.794,-0.03,0.867,24
2018,8.082,0.875,64.1,0.758888888888889,-0.065,0.578,140
2013,10.414,0.744,72.82,0.656,0.102,0.867,36
2010,9.119,0.814,66.1,0.738,0.259,0.769,133
2007,10.558,0.938,73.44,0.796,-0.09,0.809,71
2017,7.792,0.634,53.3,0.738,0.038,0.75,55
2018,9.348,0.799,65.9,0.583,-0.146,0.759,2
2010,10.905,0.926,68.7,0.828,0.244,0.69,152
2020,10.335,0.943,68.4,0.771,-0.12,0.836,60
2018,10.546,0.941,71.1,0.942,-0.119,0.839,129
2016,9.748,0.768,57.5,0.852,-0.253,0.729,18
2021,7.676,0.552,61.4,0.897,0.020714285714285716,0.167,122
2006,8.213,0.818,61.78,0.547,-0.12133333333333332,0.858,112
2018,8.049,0.775,55.6,0.763,-0.068,0.844,159
2019,7.365,0.64,48.7,0.537,0.055,0.832,27
2018,10.783,0.962,71.9,0.938,-0.127,0.199,46
2013,10.75,0.817,69.44666666666667,0.69,0.002,0.841,139
2009,10.788,0.835,76.82,0.918,0.308,0.272,59
2015,7.277,0.479,53.5,0.772,-0.069,0.733,143
2015,7.03,0.713,52.0,0.728,-0.032,0.703,106
2020,10.02,0.888,70.1,0.781,0.033,0.812,28
2015,8.449,0.687,56.0,0.852,-0.038,0.945,52
2005,10.745,0.935,69.9,0.924,-0.026846153846153846,0.598,12
2009,8.453,0.722,45.68,0.537,0.067,0.913,107
2009,9.351,0.886,65.58,0.757,-0.055,0.837,30
2011,10.887,0.944,71.54,0.939,0.132,0.703,7
2017,10.067,0.907,68.6,0.832,-0.186,0.841,4
2007,9.372,0.848,62.96,0.886,-0.008,0.772,40
2015,10.81,0.885,71.4,0.869,0.062,0.469,12
2021,10.932,0.942,72.4,0.913,0.28850000000000003,0.338,103
2011,10.426,0.931,69.4,0.907,-0.025,0.893,129
2015,8.615,0.812,48.5,0.68,-0.035,0.926,107
2018,8.106,0.739,59.6,0.629,-0.074,0.805,124
2016,9.426,0.803,67.5,0.83,-0.134,0.866,115
2018,9.42,0.901,64.6,0.663,-0.074,0.943,149
2009,9.213,0.744,59.94,0.611,-0.1,0.801,42
2018,9.541571428571428,0.887,66.5,0.611,-0.20533333333333337,0.828,155
2007,8.714,0.796,59.5,0.78,0.001,0.817,16
2014,8.317,0.811,55.12,0.39,-0.063,0.794,134
2008,9.701,0.922,65.58,0.678,-0.225,0.776,155
2005,9.724,0.838,64.0,0.8,-0.1511818181818182,0.957,120
2016,10.373,0.938,66.1,0.614,-0.266,0.949,84
2011,10.536,0.954,72.12,0.935,0.284,0.269,104
2016,7.306,0.509,53.9,0.73,-0.007,0.815,143
2007,10.347,0.896,65.32,0.712,-0.246,0.743,44
2010,9.092,0.768,67.6,0.805,-0.133,0.755,29
2018,10.771,0.868,66.3,0.855,-0.192,0.5446666666666666,123
2021,9.065,0.77,50.833,0.647,-0.14533333333333334,0.708,135
2019,9.339,0.843,63.813,0.841,0.247,0.92,75
2017,8.146,0.655,57.3,0.778,-0.131,0.763,32
2016,10.211,0.917,66.2,0.685,-0.156,0.868,79
2021,9.47,0.827,67.299,0.841,0.16150000000000003,0.863,133
2017,9.517,0.59,64.7,0.821,-0.244,0.59,50
2016,9.884,0.893,67.7,0.752,-0.153,0.809,94
2019,10.047,0.948,67.0,0.822,-0.109,0.943,20
2015,9.46,0.898,55.3,0.862,-0.127,0.853,130
2009,10.425,0.937,72.08,0.593,0.172,0.923,67
2018,9.98,0.917,69.0,0.876,-0.097,0.683,153
2021,10.707,0.934,72.5,0.859,0.3175454545454545,0.459,151
2017,6.817,0.32,45.2,0.645,0.073,0.89,26
2020,10.525125,0.806,74.1,0.763,0.046142857142857145,0.816,36
2021,8.12,0.774,64.233,0.782,0.13140000000000002,0.727,102
2009,9.681,0.908,62.0,0.679,-0.203,0.676,11
2007,6.987,0.532,40.9,0.663,0.081,0.782,26
2015,10.445,0.77,73.1,0.628,0.114,0.893,36
2017,9.026,0.826,64.5,0.915,-0.059,0.8,54
2019,9.598,0.873,68.0,0.822,-0.172,0.854,30
2009,10.639,0.918,72.02,0.798,-0.082,0.654,47
2016,10.986,0.897,68.5,0.758,0.144,0.739,152
2018,9.826,0.913,70.6,0.855,0.024,0.825,89
2016,10.622,0.927,73.2,0.624,-0.081,0.903,68
2009,8.773,0.831,60.5,0.779,-0.036,0.763,16
2015,10.842,0.885,69.44666666666667,0.701,0.019,0.857,139
2007,8.09,0.73,52.78,0.891,0.138,0.771,52
2013,10.985,0.862,65.5,0.751,-0.074,0.557,76
2012,7.983,0.896,49.54,0.47,-0.103,0.859,159
2017,9.972,0.91,66.1,0.912,0.087,0.818,93
2020,10.538,0.959,73.7,0.831,-0.049,0.748,67
2015,7.347,0.611,46.0,0.624,0.05,0.825,126
2021,11.085,0.844,67.333,0.932,0.07725000000000001,0.589,150
2013,9.28,0.728,58.88,0.523,-0.05,0.71,65
2013,8.489,0.761,62.054,0.454,-0.15,0.78,112
2009,10.697,0.943,72.02,0.915,0.246,0.413,25
2017,11.634,0.905,72.6,0.903,0.044,0.33,85
2019,10.954,0.958,72.7,0.963,0.02,0.174,38
2013,8.805,0.846,61.2,0.907,0.021,0.756,116
2021,9.962,0.898,69.0,0.828,-0.16390000000000002,0.834,4
2019,8.033,0.632,57.5,0.538,0.077,0.762,31
2020,11.323,0.96,72.5,0.882,0.014,0.356,66
2019,10.457,0.876,72.6,0.882,-0.234,0.915,118
2018,9.562,0.781,65.5,0.772,-0.232,0.561,8
2014,8.164,0.577,62.38,0.736,-0.098,0.789,10
2016,11.64,0.941,72.6,0.882,0.019,0.356,85
2021,10.669,0.862,69.495,0.925,0.06933333333333334,0.722,9
2019,10.179,0.951,65.2,0.852,-0.055,0.708,73
2012,7.846,0.734,59.6,0.638,0.07,0.883,102
2021,7.364,0.619,48.478,0.579,0.013888888888888888,0.807,27
2019,9.688,0.822,69.6,0.927,-0.173,0.755,29
2015,8.714,0.968,64.2,0.98,0.375,0.471,154
2017,7.475,0.647,55.5,0.484,0.381,0.647,57
2021,10.071,0.882,70.0,0.742,0.08730769230769231,0.83,28
2019,7.406,0.701,59.5,0.55,-0.012,0.72,86
2008,7.223,0.619,49.96,0.724,-0.035,0.84,82
2011,9.6,0.86,53.68,0.813,-0.25,0.816,18
2007,10.163,0.941,63.48,0.59,-0.282,0.966,84
2013,9.839,0.923,64.04,0.723,-0.177,0.653,11
2018,11.49,0.903,76.8,0.916,-0.066,0.097,127
2011,11.553,0.857,67.02,0.905,0.012,0.184,119
2012,9.105,0.826,61.94,0.602,-0.05,0.955,95
2009,7.682,0.676,61.96,0.744,0.001,0.792,140
2018,7.644,0.616,61.1,0.924,0.057,0.164,122
2012,10.928,0.903,68.66,0.823,0.215,0.71,152
2019,10.518,0.918,67.9,0.78,-0.251,0.783,84
2009,10.097,0.901,65.4,0.464,-0.125,0.915,60
2013,8.396,0.585,58.76,0.455,0.225,0.663,138
2017,9.681,0.777,66.6,0.605,-0.074,0.911,80
2012,9.436,0.898,62.8,0.564,-0.223,0.896,149
2019,10.336,0.936,67.1,0.698,-0.194,0.789,79
2020,7.829,0.717,56.8,0.643,-0.009,0.789,159
2018,7.692,0.508,52.6,0.374,-0.094,0.928,0
2014,11.041,0.8615454545454546,66.48,0.9158181818181818,0.07725000000000001,0.3715,150
2006,7.485,0.783,48.7,0.787,-0.027,0.649,141
2010,8.035,0.759,48.3,0.792,0.002,0.875,24
2017,10.57,0.916,73.1,0.768,0.145,0.793,67
2021,9.487,0.799,67.055,0.825,-0.2105,0.629,5
2019,8.203,0.711,53.5,0.712,-0.008,0.817,24
2008,8.329,0.792,60.54,0.719,-0.1,0.923,77
2014,9.19,0.905,61.28,0.719,0.408,0.97,63
2012,8.397,0.685,54.86,0.679,0.04,0.898,52
2020,10.371,0.953,70.1,0.767,-0.007,0.787,117
2021,9.182,0.767,67.0,0.755,-0.10763636363636363,0.705,72
2017,8.334,0.713,63.8,0.896,0.012,0.635,10
2015,8.636,0.827,66.6,0.809,0.077,0.728,105
2019,9.186,0.878,67.5,0.891,-0.137,0.885,70
2016,7.431,0.616,47.2,0.525,0.052,0.82,27
2018,9.934,0.856,68.5,0.626,-0.051,0.769,97
2020,8.96,0.66,59.5,0.915,0.141,0.748,78
2021,9.626,0.848,67.355,0.525,-0.0024545454545454575,0.898,80
2021,10.008,0.905,66.701,0.867,0.09525,0.789,93
2018,9.656,0.829,67.1,0.607,-0.066,0.907,80
2010,7.258,0.827,51.6,0.819,-0.038,0.818,82
2017,8.624,0.843,67.0,0.898,0.072,0.783,58
2009,11.456,0.894,66.58,0.865,0.235,0.184,119
2017,9.756,0.768,58.2,0.817,-0.248,0.731,18
2011,9.767,0.8,64.7,0.848,0.191,0.847,93
2009,9.752,0.868,66.44,0.682,-0.076,0.764,94
2010,9.969,0.928,68.3,0.755,-0.009,0.88,113
2018,10.844,0.93,72.0,0.808,-0.125,0.63,12
2014,10.171,0.932,62.68,0.744,-0.265,0.869,121
2012,8.236,0.682,54.3,0.706,-0.171,0.793,157
2011,9.94,0.753,65.42,0.65,-0.14,0.964,120
2019,9.651,0.982,62.6,0.892,0.285,0.888,147
2014,9.152,0.874,66.58,0.809,-0.001,0.861,70
2020,8.59,0.643,58.0,0.824,0.2,0.847,52
2010,8.9,0.757,64.2,0.669,-0.064,0.694,43
2008,11.178,0.845,74.2,0.661,0.046,0.066,127
2011,8.204,0.818,54.28,0.583,-0.024,0.663,134
2013,9.371,0.559,64.98,0.722,-0.254,0.349,50
2010,9.312,0.773,66.7,0.365,-0.128,0.933,17
2011,9.996,0.692,64.64,0.446,-0.242,0.649,146
2019,7.926,0.79,48.7,0.716,-0.131,0.915,81
2018,8.935,0.705,58.7,0.907,0.141,0.634,78
2007,10.162,0.91,67.12,0.662,-0.092,0.934,35
2009,9.534,0.736,63.02,0.498,-0.087,0.754,8
2012,10.426,0.912,68.38,0.74,-0.154,0.957,37
2020,7.711,0.823,59.5,0.769,0.188,0.784,45
2016,10.819,0.929,71.6,0.866,-0.056,0.497,12
2017,10.189,0.77,69.6,0.716,-0.104,0.892,35
2012,11.025,0.889,65.2,0.934,-0.074,0.557,76
2020,8.117,0.767,56.3,0.75,0.056,0.81,158
2016,9.691,0.895,65.2,0.873,-0.08,0.737,40
2021,10.35,0.896,69.652,0.872,-0.061375000000000006,0.856,113
2016,7.721,0.675,52.2,0.726,-0.056,0.803,55
2005,9.788,0.903,66.2,0.814,-0.1165,0.764,94
2021,10.421,0.879,72.6,0.892,-0.17790909090909093,0.887,118
2009,8.632,0.775,60.4,0.874,0.004,0.805,116
2020,10.53,0.964,71.3,0.906,-0.127,0.884,37
2011,10.754,0.938,70.64,0.936,0.101,0.32,46
2007,9.459,0.82,60.64,0.494,-0.241,0.968,149
2006,8.686,0.834,59.0,0.77,-0.044,0.794,16
2012,6.832,0.77,50.78,0.557,-0.035,0.807,33
2011,9.608,0.653,55.48,0.772,-0.211,0.851,48
2014,10.486,0.941,72.08,0.904,0.404,0.67,91
2012,10.664,0.935,71.46,0.889,0.371,0.425,151
2019,9.627,0.827,62.3,0.762,-0.073,0.686,83
2021,9.557,0.847,68.001,0.837,-0.071,0.841,30
2017,7.578,0.79,55.9,0.595,-0.147,0.8228333333333334,157
2012,10.026,0.739,64.88,0.471,-0.216,0.702,146
2007,10.689,0.892,63.86,0.622,0.005,0.5446666666666666,123
2012,10.638,0.869,72.88,0.57,0.113,0.908,68
2012,9.8,0.713,65.36,0.621,-0.006,0.856,80
2021,9.802,0.853,66.102,0.86,-0.03527272727272727,0.714,40
2021,11.647,0.908,72.6,0.907,0.04436363636363637,0.386,85
2012,10.218,0.919,64.9,0.503,-0.273,0.957,84
2019,8.13,0.688,60.0,0.759,-0.019,0.796,124
2015,9.867,0.761,67.4,0.719,-0.152,0.708,94
2012,7.603,0.542,50.44,0.646,0.001,0.794,55
2018,10.605,0.91,74.4,0.722,-0.075,0.777,132
2015,9.815,0.924,65.2,0.623,-0.091,0.669,11
2018,9.462,0.833,67.2,0.859,0.106,0.856,133
2021,10.284,0.832,67.355,0.845,-0.1511818181818182,0.938,120
2011,9.289,0.878,65.0,0.76,-0.143,0.6945,72
2019,10.258,0.936,70.8,0.739,-0.137,0.932,35
2007,10.543,0.808,70.9,0.575,-0.19,0.845,53
2017,9.713,0.884,67.8,0.685,-0.077,0.851,125
2006,10.389,0.927,71.12,0.817,0.1275,0.905,67
2009,9.838,0.755,64.04,0.456,-0.227,0.853,146
2016,10.858,0.906,71.6,0.871,0.148,0.446,51
2007,10.739,0.9372857142857143,71.66,0.93,0.249,0.406,25
2011,9.164,0.855,66.22,0.796,-0.064,0.909,70
2021,10.576,0.82,73.898,0.795,-0.281,0.626,108
2021,8.189,0.71,53.515,0.731,-0.015166666666666667,0.848,24
2016,10.891,0.926,72.4,0.889,0.08,0.524,7
2021,9.584,0.71,66.3,0.608,0.167,0.714,64
2019,8.467,0.673,64.8,0.902,-0.051,0.656,10
2009,10.331,0.916,71.38,0.803,0.464,0.67625,91
2008,8.904,0.92,59.28,0.484,0.068,0.962,96
2010,9.915,0.689,65.2,0.566,-0.085,0.974,120
2013,10.476,0.929,73.26,0.759,-0.101,0.916,132
2012,10.777,0.979,72.76,0.905,0.241,0.759,61
2006,9.088,0.895,63.62,0.691,0.066,0.841,114
2021,9.673,0.811,69.593,0.904,-0.15924999999999997,0.755,29
2015,10.149,0.924,63.1,0.685,-0.171,0.913,121
2020,9.18911111111111,0.792,63.813,0.88,0.12188888888888888,0.91,75
2012,9.453,0.907,52.42,0.59,-0.163,0.838,130
2011,8.585,0.898,66.66,0.818,0.105,0.742,156
2012,7.988,0.719,55.34,0.534,-0.121,0.651,31
2012,10.023,0.855,69.18,0.734,0.195,0.782,28
2014,10.592,0.942,72.48,0.932,0.348,0.273,104
2014,9.557,0.904,65.86,0.57,-0.199,0.827,155
2013,9.113,0.721,63.813,0.568,0.115,0.935,75
2011,9.152,0.751,59.36,0.347,-0.07,0.78,65
2021,9.24,0.746,60.583,0.63,-0.052000000000000005,0.875,65
2007,9.887,0.815,68.72,0.662,0.244,0.723,28
2009,10.74,0.903,71.76,0.864,0.221,0.292,136
2007,9.142,0.821,65.8,0.529,-0.009,0.875,1
2014,8.219,0.765,57.74,0.819,0.172,0.849,74
2017,8.021,0.436,53.9,0.727,-0.065,0.767,14
2011,6.748,0.422,50.68,0.49,-0.062,0.677,22
2011,9.518,0.784,64.661,0.607,-0.087,0.865,109
2015,9.649,0.816,67.0,0.546,-0.062,0.859,125
2018,8.344,0.707,60.1,0.821,0.291,0.844,74
2008,6.719,0.291,49.02,0.26,-0.019,0.86,22
2005,10.529,0.928,73.2,0.868,-0.14855555555555555,0.699,71
2011,9.812,0.91,62.88,0.656,-0.168,0.672,11
2012,7.476,0.673,45.74,0.563,-0.034,0.884,27
2005,10.739,0.951,71.2,0.964,0.15036363636363634,0.2599166666666667,136
2010,8.27,0.571,56.2,0.364,0.3,0.852,111
2017,8.7,0.838,67.2,0.922,0.01,0.673,105
2016,10.74,0.954,71.7,0.948,-0.027,0.25,46
2012,9.83,0.902,63.46,0.645,-0.217,0.657,11
2012,9.861,0.865,68.28,0.871,0.067,0.615,153
2011,10.248,0.909,66.96,0.735,-0.168,0.687,44
2012,9.647,0.89,65.02,0.849,-0.0789090909090909,0.623,19
2008,10.861,0.977,72.32,0.885,0.272,0.708,61
2008,10.922,0.953,68.38,0.878,0.255,0.668,152
2018,7.363,0.577,48.2,0.65,0.024,0.763,27
2011,10.059,0.876,68.5,0.829,0.009,0.84,113
2017,9.45,0.87,56.1,0.787,-0.129,0.865,130
2012,10.117,0.906,65.92,0.569,-0.136,0.93,60
2008,10.546,0.887,73.56,0.772,-0.135,0.816,71
2007,9.267,0.766,66.04,0.342,0.006,0.926,17
2016,10.69,0.885,73.4,0.787,-0.091,0.623,47
2008,8.366,0.807,54.96,0.886,0.416,0.637,78
2012,9.24,0.737,60.32,0.452,-0.138,0.88,42
2012,8.534,0.894,65.94,0.85,0.017,0.644,105
2018,10.66,0.954,73.2,0.949,0.12,0.207,104
2015,7.858,0.669,54.3,0.61,-0.139,0.829,157
2011,7.62,0.521,51.92,0.496,0.162,0.731,0
2018,10.941,0.939,72.3,0.92,0.161,0.371,103
2006,9.314,0.919,62.68,0.858,0.038,0.755,40
2013,7.725,0.484,52.56,0.578,0.061,0.823,0
2016,7.576,0.665,59.9,0.911,0.025,0.159,122
2018,7.651,0.74,58.5,0.74,0.039,0.799,45
2016,9.578,0.912,66.0,0.807,-0.1,0.781,19
2008,7.607,0.747,47.16,0.495,-0.012,0.918,90
2013,7.343,0.602,55.8,0.707,-0.008,0.75,45
2018,10.007,0.924,66.8,0.724,-0.176,0.952,20
2015,8.249,0.777,58.3,0.793,0.221,0.853,74
2017,8.876,0.8293076923076923,67.7,0.8872499999999999,-0.004333333333333332,0.7857272727272728,156
2017,7.058,0.582,53.0,0.684,-0.03,0.778,106
2018,9.456,0.845,68.1,0.83,-0.178,0.906,115
2017,9.169,0.913,67.1,0.861,-0.13,0.883,70
2011,7.292,0.782,44.32,0.77,0.005,0.855,126
2008,10.528,0.944,71.6,0.893,0.298,0.334,104
2019,8.387,0.759,62.0,0.957,0.013,0.828,23
2018,9.042,0.841,64.8,0.91,-0.01,0.765,54
2018,10.576,0.837,73.898,0.797,-0.281,0.614,108
2007,7.359,0.479,43.66,0.295,-0.011,0.874,27
2013,8.54,0.792,66.16,0.698,-0.027,0.868,58
2019,10.618,0.949,74.7,0.778,-0.049,0.73,132
2009,10.558,0.812,72.16,0.775,0.054,0.801,36
2010,9.184,0.54,64.8,0.558,-0.248,0.46,50
2021,8.031,0.626,57.349,0.548,-0.005400000000000004,0.781,31
2008,8.152,0.622,53.22,0.838,0.12,0.863,52
2010,8.436,0.863,65.5,0.792,0.018,0.802,105
2010,9.788,0.876,66.5,0.778,-0.048,0.693,94
2015,9.62,0.907,65.8,0.799,-0.016,0.771,19
2020,8.554,0.796,59.6,0.825,0.47,0.647,100
2015,10.347,0.866,71.8,0.8,-0.163,0.941,118
2017,8.898,0.641,65.6,0.814,-0.216,0.841,98
2005,10.659,0.968,71.4,0.935,0.25016666666666665,0.39,6
2020,9.497,0.71,69.3,0.754,0.007,0.891,1
2017,9.814,0.9,65.8,0.621,-0.122,0.654,11
2016,10.374,0.938,68.2,0.843,-0.149,0.639,44
2018,10.585,0.91,73.3,0.725,0.055,0.77,67
2019,9.095,0.845,62.0,0.91,-0.083,0.748,116
2013,10.883,0.95,71.82,0.922,0.168,0.679,7
2011,8.071,0.864,50.84,0.663,0.003,0.882,158
2009,6.898,0.771,48.64,0.88,-0.009,0.483,106
2018,10.759333333333334,0.896,69.44666666666667,0.741,0.013625,0.736,139
2007,7.666,0.828,42.86,0.456,-0.082,0.946,159
2021,10.775,0.954,72.0,0.949,-0.004222222222222221,0.186,46
2014,7.484,0.748,58.68,0.894,-0.023,0.078,122
2013,10.857,0.925,71.76,0.919,0.305,0.505,103
2011,9.442,0.904,65.92,0.811,-0.073,0.847,30
2018,9.803,0.873,67.2,0.905,0.259,0.907,142
2014,11.024,0.941,72.68,0.956,0.181,0.405,110
2006,7.376,0.711,54.04,0.5344444444444445,-0.039,0.8385555555555555,86
2013,7.334,0.673,57.06,0.48,-0.019,0.868,86
2015,9.613,0.766,65.145,0.66,-0.047,0.824,109
2012,8.114,0.78,51.58,0.788,0.008,0.806,158
2009,9.414,0.877,49.88,0.739,-0.154,0.904,130
2013,7.619,0.567,50.66,0.693,0.091,0.815,55
2013,9.512,0.901,66.36,0.841,-0.071,0.898,30
2018,10.811,0.94,73.6,0.916,0.146,0.405,6
2012,9.311,0.839,64.82,0.587,-0.172,0.69,2
2021,9.966,0.925,69.1,0.896,-0.0681,0.59,153
2019,9.08,0.764,66.4,0.877,-0.109,0.682,43
2021,10.556,0.947,70.807,0.858,-0.15655555555555553,0.868,37
2009,9.111,0.68,65.1,0.441,-0.214,0.882,5
2010,10.433,0.868,71.5,0.484,-0.303,0.954,53
2015,10.774,0.939,73.0,0.931,0.253,0.427,25
2016,10.248,0.9,66.8,0.554,-0.187,0.924,60
2010,8.225,0.739,54.1,0.891,0.074,0.875,52
2015,7.702,0.529,53.2,0.389,0.08,0.881,0
2010,10.461,0.882,72.4,0.561,0.15,0.902,67
2006,9.839,0.866,64.96,0.837,0.201,0.74,88
2015,10.07,0.827,69.6,0.769,0.041,0.812,28
2016,10.051,0.883,68.4,0.848,-0.192,0.851,4
2009,10.386,0.811,71.1,0.6,-0.096,0.787,131
2019,9.575,0.887,65.8,0.854,-0.214,0.457,8
2013,9.319,0.778,68.08,0.805,-0.158,0.755,29
2013,10.422,0.942,71.96,0.909,0.41,0.67625,91
2014,9.838,0.886,66.1,0.576,-0.055,0.955,20
2015,9.724,0.816,56.8,0.857,-0.116,0.86,18
2015,9.308,0.906,61.7,0.686,0.173,0.9,96
2015,8.48,0.766,62.054,0.556,-0.153,0.774,112
2005,10.814,0.947,70.4,0.901,0.28850000000000003,0.571,103
2015,11.174,0.953,72.0,0.892,0.233,0.409,66
2016,8.526,0.785,56.4,0.467,-0.175,0.842,92
2019,8.595,0.874,67.8,0.883,0.029,0.622,105
2017,8.156,0.744,54.8,0.823,0.14,0.74,158
2017,8.036,0.663,63.8,0.832,0.124,0.718,140
2018,7.66,0.74,55.7,0.729,0.079,0.856,148
2017,9.042,0.829,65.8,0.758,-0.172,0.778,43
2020,9.522,0.831,66.8,0.786,-0.053,0.729,19
2016,10.261,0.803,72.0,0.482,-0.26,0.898,53
2008,9.021,0.816,65.94,0.834,0.163,0.861,133
2013,10.299,0.901,67.48,0.754,-0.201,0.726,44
2009,9.049,0.83,66.02,0.799,0.306,0.69,133
2019,9.617,0.675,64.3,0.811,-0.26,0.647,50
2016,10.576,0.808,73.898,0.796,-0.281,0.67,108
2019,7.752,0.755,52.2,0.67,-0.038,0.846,90
2015,8.896,0.854,61.6,0.912,-0.051,0.755,116
2014,9.307,0.739,65.84,0.506,-0.218,0.92,5
2012,10.135,0.897,68.7,0.783,-0.002,0.796,113
2020,10.851,0.925,73.6,0.912,0.011,0.464,7
2014,7.632,0.638,50.88,0.684,0.006,0.705,55
2008,8.034,0.697,47.14,0.58,-0.069,0.945,24
2016,8.408,0.793,58.4,0.877,0.679,0.607,100
2008,9.351,0.88,65.46,0.795,-0.042,0.763,30
2010,7.765,0.779,59.2,0.519,0.092,0.911,102
2021,10.643,0.948,73.4,0.929,0.25549999999999995,0.242,104
2009,10.491,0.888,73.68,0.73,-0.21,0.74,71
2005,10.699,0.868,63.5,0.7636999999999999,-0.11033333333333334,0.505,123
2012,10.716,0.911,66.86,0.682,0.06933333333333334,0.438,9
2011,10.112,0.889,67.48,0.816,-0.174,0.755,4
2013,8.116,0.53,61.96,0.742,-0.016,0.743,10
2019,9.609,0.873,68.1,0.722,0.079,0.963,17
2006,9.044,0.682,64.8,0.52,-0.231,0.85,5
2016,7.547,0.719,57.5,0.744,0.038,0.703,45
2008,10.719,0.947,71.88,0.916,0.305,0.431,6
2018,8.087,0.768,63.5,0.77,0.122,0.742,102
2017,11.115,0.95,73.8,0.925,0.18,0.316,137
2011,8.831,0.817,61.34,0.782,-0.039,0.825,16
2010,9.758,0.918,62.3,0.7,-0.163,0.706,11
2016,8.282,0.706,58.9,0.749,0.298,0.828,74
2018,11.332,0.938,72.3,0.861,0.144,0.362,66
2020,8.472,0.739,65.3,0.777,-0.009,0.742,10
2006,10.842,0.936,70.76,0.941,0.302,0.49,7
2012,10.494,0.775,71.92,0.618,-0.06144444444444445,0.844,131
2020,10.838,0.936,72.8,0.951,0.091,0.203,136
2012,7.271,0.659,55.2,0.776,-0.044,0.7551428571428571,45
2015,7.764,0.79,56.0,0.759,0.149,0.906,141
2017,7.931,0.769,47.3,0.757,-0.145,0.797,81
2011,7.904,0.477,51.98,0.773,-0.142,0.849,14
2010,7.453,0.773,49.7,0.587,-0.036,0.767,21
2018,10.583,0.929,70.3,0.79,-0.292,0.851,37
2017,10.921,0.937,72.2,0.92,0.25,0.363,103
2020,10.58,0.887,75.2,0.806,-0.259,0.609,71
2009,9.464,0.734,64.349,0.552,-0.042,0.844,109
2010,9.569,0.687,63.4,0.501,-0.123,0.858,8
2012,10.493,0.903,72.52,0.681,0.153,0.862,67
2012,8.428,0.511,58.0,0.609,0.067,0.83,62
2018,8.389909090909091,0.819,62.054,0.655,-0.12133333333333332,0.814,112
2015,9.606,0.786,64.6,0.764,-0.198,0.616,8
2019,10.585,0.776,73.9,0.74,-0.008,0.865,36
2015,10.779,0.952,72.7,0.922,0.332,0.357,6
2006,7.817,0.798,44.26,0.721,-0.006,0.785,158
2019,10.576,0.803,73.898,0.793,-0.281,0.64,108
2006,11.228,0.919,63.96,0.769,-0.236,0.328,76
2017,10.736,0.937,72.1,0.813,0.291,0.419,151
2017,7.638,0.74,55.3,0.772,0.06,0.816,148
2017,7.324,0.508,54.3,0.717,-0.042,0.726,143
2008,9.489,0.633,63.14,0.601,0.052,0.868,64
2015,7.365,0.638,53.7,0.671,-0.061,0.903,82
2009,6.728,0.733,49.34,0.556,-0.022,0.824,33
2011,9.795,0.86,65.8,0.664,-0.228,0.948,20
2010,9.222,0.863,65.1,0.624,-0.135,0.732,145
2010,7.907,0.697,58.5,0.94,0.35,0.896,23
2013,7.002,0.696,50.96,0.825,-0.077,0.711,106
2020,10.62,0.848,69.7,0.945,0.132,0.59525,9
2012,9.222,0.614,65.46,0.568,-0.176,0.899,145
2006,7.407,0.694,48.46,0.449,0.401,0.854,57
2011,7.487,0.71,50.24,0.725,-0.105,0.707,21
2010,10.419,0.917,69.2,0.896,0.029,0.845,129
2021,9.782,0.784,59.269,0.824,-0.2068888888888889,0.801,18
2007,9.386,0.753,62.26,0.522,-0.207,0.871,8
2011,8.946,0.723,52.5,0.584,0.055,0.911,3
2007,9.426,0.788,48.64,0.69,-0.158,0.859,130
2021,9.448,0.893,65.9,0.876,0.03883333333333333,0.882,114
2005,10.851,0.972,69.6,0.971,0.1633,0.237,38
2014,10.183,0.845,66.24,0.494,-0.15,0.855,60
2013,10.184,0.896,68.9,0.811,0.018,0.814,113
2019,9.479,0.815,67.4,0.824,0.051,0.863,133
2008,7.37,0.451,50.8,0.718,0.168,0.882,0
2007,10.933,0.9199999999999999,68.22,0.872,0.197,0.633,152
2014,9.865,0.785,65.3,0.824,0.176,0.879,93
2007,9.825,0.879,66.32,0.67,-0.095,0.747,94
2015,11.033,0.947,72.9,0.948,0.257,0.299,110
2010,10.861,0.914,71.4,0.896,0.131,0.546,7
2010,9.217,0.812,66.3,0.757,-0.06,0.881,115
2011,7.423,0.567,36.86,0.413,0.243,0.682,57
2006,10.403,0.936,68.0,0.936,0.043,0.708,129
2017,6.945,0.555,56.9,0.848,0.025,0.735,87
2018,9.508222222222223,0.674,66.0,0.603,0.167,0.703,64
2007,9.903,0.792,63.32,0.459,-0.178,0.8,146
2015,9.377,0.914,65.1,0.806,-0.008,0.863,114
2015,7.945,0.844,63.2,0.847,0.022,0.742,140
2018,10.643,0.798,73.6,0.6,-0.089,0.797,131
2014,9.775,0.914,70.5,0.927,0.01,0.788,34
2019,11.043,0.917,68.2,0.836,0.144,0.707,152
2008,8.634,0.798,60.2,0.861,0.083,0.817,116
2012,11.523,0.838,67.34,0.924,0.162,0.184,119
2017,9.555,0.787,65.2,0.731,-0.225,0.653,8
2010,8.49,0.803,65.5,0.646,0.105,0.82,58
2014,9.672,0.933,66.38,0.9,0.553,0.92,142
2018,10.65,0.913,73.6,0.65,-0.021,0.888,68
2008,8.454,0.857,64.82,0.791,0.076,0.819,105
2016,9.333,0.709,66.3,0.611,-0.17,0.921,5
2014,10.575,0.9,74.52,0.838,-0.139,0.617,71
2008,9.488,0.86,61.16,0.487,-0.265,0.929,149
2016,7.047,0.683,52.5,0.702,-0.016,0.814,106
2011,9.637,0.916,64.76,0.834,-0.072,0.662,19
2018,9.846,0.905,66.1,0.644,-0.174,0.718,11
2008,8.501,0.67,53.94,0.593,-0.018,0.841,92
2010,7.965,0.721,54.7,0.529,0.005,0.741,31
2021,10.499,0.935,67.906,0.773,-0.24399999999999997,0.826,84
2013,9.248,0.935,61.1,0.748,0.136,0.928,96
2021,10.906,0.934,73.3,0.908,0.13633333333333333,0.481,7
2009,10.532,0.929,72.62,0.749,-0.127,0.798,132
2016,8.573,0.805,48.9,0.798,0.043,0.905,107
2019,7.106,0.677,54.0,0.831,0.026,0.729,106
2007,9.508,0.889,64.48,0.87,0.391,0.898,142
2007,8.608,0.801,60.0,0.852,-0.022,0.88,116
2017,7.697,0.491,52.8,0.427,-0.121,0.954,0
2007,10.891,0.954,69.92,0.932,0.24,0.206,38
2020,10.88375,0.813,76.82,0.705,0.22585714285714284,0.38,59
2017,7.627,0.785,53.4,0.614,-0.063,0.727,21
2014,10.101,0.795,62.28,0.799,0.004,0.805,73
2011,6.797,0.744,50.34,0.631,-0.025,0.856,33
2007,9.978,0.913,66.7,0.772,-0.047,0.925,117
2011,9.067,0.759,63.813,0.589,0.004,0.919,75
2014,10.945,0.8753999999999997,65.8,0.8204,-0.074,0.557,76
2009,10.638,0.964,71.02,0.816,0.341,0.559,151
2005,8.218,0.591,54.2,0.63,0.1262,0.844,111
2018,10.935,0.958,72.4,0.935,0.018,0.151,38
2018,11.112,0.851,67.1,0.944,0.054,0.3715,150
2005,10.663,0.979,69.9,0.922,0.3175454545454545,0.398,151
2016,8.869,0.655,65.3,0.817,-0.237,0.717,98
2012,10.082,0.851,65.12,0.564,-0.038,0.895,79
2010,9.244,0.769,60.0,0.486,-0.076,0.826,42
2014,8.538,0.621,58.6,0.809,-0.026,0.832,62
2021,9.577,0.882,66.601,0.804,-0.0789090909090909,0.756,19
2015,9.207,0.83,66.2,0.767,-0.046,0.6945,72
2006,8.145,0.707,55.72,0.774,-0.0014444444444444416,0.855,62
2019,10.511,0.934,68.8,0.887,-0.096,0.576,44
2011,7.797,0.741,59.4,0.525,-0.01,0.935,102
2019,8.653,0.797,67.4,0.846,0.063,0.815,58
2021,7.578,0.832,57.122,0.602,-0.13983333333333334,0.8,157
2019,7.708,0.489,61.7,0.869,0.064,0.168,122
2016,9.3,0.947,61.9,0.76,0.09,0.9,96
2014,7.34,0.655,57.48,0.529,-0.023,0.791,86
2009,7.952,0.629,54.36,0.508,-0.074,0.838,31
2015,7.645,0.579,51.1,0.666,0.007,0.762,55
2019,9.07,0.759,51.27,0.597,-0.191,0.724,135
2006,9.277,0.91,65.22,0.805,-0.015,0.808,30
2005,9.565,0.796,64.6,0.703,-0.0024545454545454575,0.945,80
2018,9.274,0.764,60.2,0.598,-0.068,0.887,65
2010,8.349,0.605,57.4,0.783,0.058,0.863,62
2018,7.386,0.666,59.1,0.551,0.003,0.889,86
2009,9.83,0.736,65.08,0.665,0.071,0.937,80
2018,9.06,0.779,50.353,0.71,-0.178,0.692,135
2016,10.593,0.811,73.0,0.591,0.026,0.862,131
2020,9.541571428571428,0.805,66.9,0.612,-0.20533333333333337,0.811,155
2011,8.94,0.837,40.808,0.607,-0.067,0.917,135
2011,8.474,0.751,62.054,0.522,-0.127,0.75,112
2017,10.211,0.811,66.9,0.839,-0.16,0.926,120
2020,10.648,0.808,74.2,0.711,-0.106,0.665,131
2010,9.906,0.795,64.4,0.515,-0.187,0.811,146
2006,6.888,0.677,46.36,0.75,0.076,0.755,106
2013,11.001,0.864,66.46,0.936,0.07725000000000001,0.3715,150
2006,10.924,0.965,68.06,0.911,0.18090909090909094,0.6,152
2019,10.666,0.939,73.4,0.912,0.157,0.234,104
2017,10.121,0.914,64.0,0.745,-0.035,0.755,73
2020,10.76,0.937,74.2,0.905,0.21,0.491,6
2020,8.871,0.553,66.5,0.819,-0.229,0.803,98
2005,10.703,0.928,71.9,0.802,-0.012181818181818183,0.944,68
2019,9.541571428571428,0.888,66.7,0.626,-0.20533333333333337,0.839,155
2019,7.849,0.655,55.5,0.691,0.097,0.756,55
2011,10.814,0.921,71.98,0.941,0.161,0.269,136
2011,9.182,0.705,65.36,0.465,-0.225,0.875,5
2006,9.489,0.918,61.1,0.707,-0.246,0.708,11
2011,9.061,0.948,60.5,0.7,0.151,0.931,96
2010,8.329,0.885,61.1,0.72,-0.072,0.926,77
2016,9.353,0.885,64.0,0.503,0.011,0.891,149
2015,10.608,0.909,73.0,0.575,-0.064,0.913,68
2011,10.875,0.938,71.52,0.925,0.336,0.359,103
2013,9.239,0.675,60.48,0.474,-0.141,0.913,42
2014,8.716,0.792,67.14,0.8872499999999999,0.0,0.7857272727272728,156
2011,9.179,0.787,67.76,0.824,-0.186,0.755,29
2018,8.136,0.621,57.9,0.699,-0.092,0.738,32
2018,11.645,0.902,72.6,0.884,-0.022,0.385,85
2011,8.143,0.846,56.06,0.709,0.022,0.923,74
2020,10.563,0.89,74.0,0.718,-0.15,0.844,68
2021,9.622,0.827,62.3,0.771,-0.05966666666666667,0.667,83
2014,9.582,0.891,64.68,0.905,-0.02,0.76,40
2014,9.464,0.881,54.34,0.794,-0.117,0.82,130
2017,10.339,0.913,68.6,0.714,-0.055,0.92,128
2012,7.926,0.711,57.02,0.668,-0.036,0.852,124
2009,8.891,0.834,61.76,0.643,0.197,0.755,54
2018,8.059,0.504,54.3,0.713,0.002,0.747,14
2020,9.396,0.918,62.7,0.718,0.141,0.843,96
2007,10.018,0.862,66.94,0.653,-0.141,0.881,4
2011,10.127,0.894,65.76,0.631,-0.089,0.94,60
2018,10.928,0.912,73.0,0.904,0.053,0.523,7
2012,7.923,0.523,52.26,0.769,-0.111,0.806,14
2015,7.976,0.748,60.2,0.763,0.227,0.824,102
2007,9.878,0.861,58.7,0.806,-0.246,0.865,73
2018,10.26,0.818,67.2,0.845,-0.217,0.921,120
2021,11.0,0.836,76.82,0.717,0.22585714285714284,0.403,59
2013,8.506,0.741,55.46,0.603,-0.079,0.676,92
2013,9.76,0.736,67.58,0.502,-0.176,0.693,97
2007,8.218,0.712,61.897,0.365,-0.08,0.844,112
2017,10.166,0.896,63.9,0.731,-0.145,0.862,121
2019,10.356,0.886,69.7,0.883,-0.199,0.869,113
2019,9.373,0.772,62.0,0.774,-0.199,0.8282499999999999,42
2008,9.186,0.738,59.88,0.6226923076923078,-0.087,0.914,42
2010,10.087,0.909,61.0,0.613,-0.296,0.937,121
2017,10.072,0.88,69.8,0.79,-0.02,0.836,28
2019,8.545,0.763,59.3,0.899,0.561,0.682,100
2014,9.335,0.818,65.14,0.5449999999999999,-0.1663333333333333,0.7097499999999999,2
2014,10.867,0.909,71.88,0.91,0.331,0.457,103
2021,8.117,0.636,58.221,0.695,-0.10233333333333333,0.745,32
2021,10.878,0.983,73.0,0.955,0.2732,0.673,61
2007,8.307,0.79,54.44,0.867,0.478,0.58,78
2015,7.988,0.434,53.1,0.733,-0.027,0.85,14
2007,9.532,0.844,65.6,0.453,-0.165,0.905,125
2007,7.638,0.787,57.7,0.413,0.317,0.891,102
2007,6.881,0.726,47.12,0.584,-0.056,0.748,106
2014,7.961,0.856,57.94,0.692,-0.045,0.7,124
2015,9.182,0.805,63.813,0.561,0.181,0.851,75
2015,9.384,0.856,67.6,0.801,-0.114,0.666,41
2006,10.032,0.884,63.16,0.641,-0.229,0.937,79
2017,8.533,0.779,56.7,0.527,-0.153,0.777,92
2015,7.344,0.647,57.9,0.545,-0.041,0.861,86
2017,7.637,0.697,54.7,0.812,0.111,0.572,49
2010,9.022,0.816,60.4,0.7,0.448,0.954,63
2014,8.98,0.834,63.54,0.843,0.108,0.804,54
2010,9.765,0.843,65.7,0.545,-0.144,0.941,20
2007,8.204,0.569,56.14,0.729,-0.051,0.862,62
2021,7.477,0.54,55.7,0.593,0.316,0.721,57
2014,9.26,0.68,65.82,0.589,-0.232,0.783,145
2014,9.777,0.863,67.74,0.503,0.097,0.768,97
2013,9.461,0.839,53.38,0.714,-0.077,0.8,130
2018,7.417,0.65,50.8,0.716,0.095,0.856,126
2017,10.183,0.916,63.5,0.859,0.015,0.911,144
2011,8.374,0.891,61.52,0.748,-0.155,0.932,77
2019,8.136,0.772,64.6,0.79,0.167,0.712,102
2010,7.642,0.751,48.4,0.749,-0.028,0.811,90
2010,10.706,0.877,66.3,0.862,-0.001,0.715,9
2009,11.055,0.938,72.26,0.891,0.125,0.342,137
2011,10.671,0.921,72.4,0.903,-0.102,0.627,47
2015,8.872,0.606,65.0,0.713,-0.228,0.842,98
2007,6.823,0.748,45.5,0.643,0.074,0.854,99
2007,8.078,0.841,51.54,0.75,0.054,0.799,74
2011,8.548,0.691,56.3,0.882,0.459,0.587,78
2019,6.966,0.549,58.3,0.765,0.004,0.68,87
2019,10.306,0.842,67.5,0.848,-0.221,0.954,120
2009,10.41,0.919,68.9,0.896,-0.019,0.804,129
2012,7.663,0.832,53.78,0.577,0.213,0.887,141
2016,10.095,0.928,63.4,0.783,-0.036,0.702,73
2019,7.688,0.805,56.1,0.704,0.139,0.826,148
2021,8.36,0.765,62.0,0.959,0.17575,0.843,23
2012,10.549,0.905,74.16,0.753,-0.14855555555555555,0.692,71
2006,10.36,0.905,69.84,0.882,-0.179,0.88,118
2009,8.281,0.653,56.98,0.679,-0.026,0.895,62
2015,10.223,0.859,66.4,0.558,-0.198,0.908,60
2012,10.846,0.951,70.84,0.933,0.139,0.187,38
2007,7.829,0.675,56.1,0.819,0.116,0.879,23
2016,10.791,0.942,73.0,0.922,0.239,0.399,6
2017,9.561,0.908,61.8,0.72,0.066,0.888,147
2016,10.518,0.931,69.3,0.85,-0.197,0.9,37
2017,6.966,0.67,52.9,0.704,0.068,0.809,33
2014,9.167,0.88,59.9,0.834,0.268,0.65,15
2013,6.907,0.563,53.46,0.752,0.078,0.857,87
2013,9.904,0.917,68.42,0.888,-0.043,0.586,153
2017,8.072,0.744,59.2,0.687,-0.044,0.825,124
2011,9.193,0.842,66.2,0.823,0.145,0.76,133
2009,10.673,0.921,64.22,0.639,-0.11,0.445,123
2011,9.263,0.503,64.86,0.632,-0.255,0.353,50
2015,9.334,0.723,66.0,0.551,-0.203,0.901,5
2018,9.677,0.849,65.389,0.745,-0.041,0.91,109
2019,9.201,0.793,67.0,0.726,-0.165,0.6945,72
2021,9.403,0.86,56.904,0.749,-0.12427272727272727,0.86,130
2021,9.454,0.857,65.699,0.822,-0.09508333333333334,0.918,95
2006,8.007,0.69,45.98,0.653,-0.009,0.907,24
2020,9.061,0.781,62.1,0.932,-0.116,0.744,116
2014,9.017,0.755,54.6,0.375,-0.168,0.834,3
2017,9.44,0.823,67.0,0.827,0.094,0.844,133
2019,9.064,0.774,65.1,0.901,-0.062,0.773,54
2009,7.563,0.806,45.42,0.411,-0.078,0.931,159
2014,10.244,0.924,67.76,0.635,-0.126,0.914,128
2016,9.687,0.828,66.1,0.657,0.031,0.853,80
2006,7.554,0.724,60.64,0.702,-0.088,0.768,140
2013,8.478,0.553,58.3,0.74,0.084,0.832,62
2019,9.074,0.784,63.9,0.881,-0.086,0.857,16
2009,11.065,0.926,64.44,0.819,0.007,0.675,76
2014,10.862,0.956,71.28,0.942,0.118,0.237,38
2018,10.434,0.887,72.4,0.877,-0.261,0.88,118
2010,7.384,0.554,32.3,0.373,0.216,0.848,57
2005,9.393,0.766,62.0,0.651,0.167,0.636,64
2010,7.729,0.857,46.7,0.665,-0.093,0.828,159
2013,9.739,0.896,65.82,0.642,-0.22,0.837,155
2017,10.925,0.967,73.0,0.939,0.246,0.727,61
2014,10.124,0.863,65.36,0.649,-0.024,0.764,146
2013,10.164,0.912,67.78,0.776,-0.137,0.916,117
2010,10.091,0.796,67.9,0.564,-0.237,0.973,35
2018,8.526,0.802,57.0,0.467,-0.112,0.711,92
2017,10.64,0.92,73.4,0.633,-0.035,0.867,68
2011,10.518,0.944,73.02,0.819,-0.122,0.846,132
2017,10.878,0.892,71.9,0.841,0.145,0.414,51
2016,10.781,0.863,68.1,0.889,0.088,0.59525,9
2015,10.104,0.768,68.4,0.694,-0.096,0.849,35
2021,8.087,0.489,54.713,0.757,-0.06444444444444446,0.661,14
2008,9.743,0.717,64.96,0.524,0.035,0.927,80
2020,9.569,0.718,64.1,0.764,-0.221,0.583,50
2021,9.342,0.802,66.005,0.48,-0.1663333333333333,0.752,2
2017,10.908,0.906,72.7,0.89,0.133,0.518,7
2010,10.532,0.902,73.8,0.772,-0.14,0.77,71
2010,8.076,0.855,54.0,0.648,-0.04,0.737,134
2021,8.533,0.74,50.102,0.737,0.05981818181818182,0.878,107
2013,9.155,0.794,61.06,0.781,0.376,0.973,63
2007,9.135,0.686,59.82,0.609,-0.121,0.8282499999999999,42
2018,8.548,0.741,49.7,0.79,-0.01,0.866,107
2008,8.276,0.666,62.015,0.358,-0.07,0.753,112
2019,7.697,0.42,52.4,0.394,-0.108,0.924,0
2006,9.565,0.937,69.94,0.882,0.06,0.798,34
2012,8.065,0.743,49.1,0.766,-0.032,0.898,24
2011,7.643,0.796,48.76,0.823,-0.101,0.726,90
2014,9.232,0.763,55.16,0.849,-0.183,0.79,101
2008,10.125,0.882,59.84,0.643,-0.305,0.924,121
2009,8.4,0.905,62.76,0.951,0.013,0.61,154
2018,10.191,0.909,64.3,0.729,-0.147,0.865,121
2012,8.53,0.779,65.94,0.7,-0.003,0.871,58
2013,9.24,0.648,65.64,0.536,-0.207,0.886,145
2021,10.651,0.799,73.9,0.672,-0.06144444444444445,0.727,131
2011,8.508,0.766,65.72,0.783,0.095,0.884,58
2013,10.57,0.924,74.34,0.821,-0.147,0.65,71
2012,9.605,0.819,66.52,0.461,-0.13,0.952,125
2019,10.853,0.884,72.2,0.776,-0.172,0.672,12
2012,8.161,0.831,56.62,0.628,0.066,0.911,74
2010,7.723,0.759,62.4,0.784,0.062,0.679,140
2019,7.691,0.683,54.4,0.678,-0.004,0.729,21
2014,10.059,0.862,69.46,0.733,0.217,0.758,28
2021,8.538,0.893,64.401,0.935,-0.06942857142857142,0.908,77
2009,6.838,0.718,49.02,0.879,0.176,0.689,87
2009,8.883,0.734,63.88,0.671,-0.103,0.648,43
2017,10.324,0.912,69.5,0.9,-0.17,0.841,113
2009,11.562,0.939,71.44,0.939,0.127,0.432,85
2016,9.561,0.566,65.4,0.773,0.186,0.713,64
2011,8.493,0.924,63.4,0.934,0.042,0.522,154
2007,9.497,0.718,62.76,0.533,0.056,0.872,64
2014,8.602,0.839,66.38,0.817,0.104,0.699,105
2013,7.889,0.74,59.8,0.722,0.151,0.877,102
2011,9.447,0.858,51.46,0.835,-0.154,0.819,130
2007,8.968,0.804,60.76,0.696,-0.186,0.93,95
2015,9.005,0.791,65.2,0.733,-0.156,0.805,43
2018,9.518,0.684,68.7,0.824,0.009,0.899,1
2020,9.702,0.808,69.9,0.891,-0.103,0.755,29
2019,8.544,0.734,50.1,0.729,0.032,0.873,107
2009,8.277,0.522,55.8,0.388,0.077,0.874,111
2014,9.426,0.877,63.4,0.533,0.084,0.927,149
2019,10.095,0.869,70.0,0.659,-0.103,0.86,28
2016,10.506,0.786,73.3,0.756,-0.03,0.898,36
2012,9.489,0.879,64.24,0.84,-0.062,0.727,40
2019,9.785,0.774,59.6,0.833,-0.239,0.792,18
2014,9.129,0.706,63.813,0.441,0.012,0.775,75
2010,10.52,0.976,72.0,0.918,0.254,0.321,104
2017,9.765,0.877,67.0,0.923,0.212,0.884,142
2017,10.429,0.926,66.7,0.749,-0.174,0.79,84
2011,10.029,0.836,64.86,0.564,-0.002,0.934,79
2006,9.17,0.854,61.88,0.772,-0.235,0.774,8
2014,10.306,0.908,65.3,0.508,-0.263,0.956,84
2015,7.669,0.83,50.2,0.634,-0.068,0.8,90
2012,8.495,0.763,55.14,0.487,-0.021,0.707,92
2006,9.543,0.912,67.44,0.807,-0.113,0.477,153
2020,11.042,0.956,73.4,0.965,0.075,0.271,110
2018,8.643,0.827,67.2,0.872,0.099,0.804,58
2008,7.918,0.624,47.18,0.717,0.056,0.89,158
2016,9.268,0.876,62.3,0.822,-0.089,0.6926,83
2013,7.449,0.75,58.06,0.904,-0.028,0.117,122
2013,10.784,0.909,71.16,0.891,0.017,0.574,12
2019,8.556,0.798,57.3,0.628,-0.102,0.743,92
2009,10.888,0.912,68.54,0.831,0.201,0.665,152
2021,7.695,0.463,52.493,0.382,0.07008333333333333,0.924,0
2011,10.878,0.977,71.6,0.952,0.383,0.59,66
2013,9.638,0.733,56.84,0.682,-0.146,0.78,48
2011,10.758,0.83,64.6,0.603,-0.142,0.5446666666666666,123
2012,10.893,0.826,76.82,0.88,0.222,0.38,59
2008,10.899,0.944,71.0,0.883,0.365,0.419,103
2017,9.65,0.8,65.303,0.752,-0.059,0.856,109
2012,7.592,0.885,52.04,0.649,0.081,0.838,148
2014,7.027,0.753,51.48,0.688,-0.046,0.605,106
2011,9.304,0.818,66.96,0.788,-0.155,0.702,41
2017,10.768,0.964,71.8,0.962,-0.002,0.192,46
2012,9.158,0.919,60.8,0.688,0.107,0.932,96
2018,9.903,0.858,68.3,0.816,-0.179,0.809,94
2008,10.44,0.859,71.76,0.663,0.139,0.898,67
2006,8.873,0.878,62.92,0.683,-0.056,0.807,43
2019,8.596,0.746,57.6,0.787,0.116,0.857,52
2008,10.383,0.754,70.8,0.524,-0.102,0.771,131
2016,7.715,0.775,55.1,0.533,-0.151,0.8228333333333334,157
2015,11.1,0.938,73.2,0.928,0.109,0.21,137
2007,9.693,0.832,66.2,0.512,-0.134,0.815,97
2012,10.876,0.962,71.7,0.902,0.302,0.573,66
2019,10.715,0.878,69.3,0.907,0.048,0.59525,9
2011,9.607,0.773,66.36,0.44,-0.185,0.977,125
2015,8.604,0.61,58.9,0.777,-0.005,0.776,62
2021,10.576,0.802,73.898,0.763,0.046142857142857145,0.844,36
2015,10.566,0.919,72.2,0.912,0.347,0.664,91
2013,8.274,0.709,47.1,0.739,-0.031,0.691,69
2007,7.839,0.514,59.44,0.605,0.04,0.806,10
2013,8.953,0.83,63.18,0.884,0.045,0.817,54
2021,7.098,0.641,53.78,0.806,-0.022153846153846152,0.693,106
2005,10.462,0.837,70.5,0.734,-0.2800833333333333,0.861,53
2018,9.579,0.871,67.7,0.851,-0.148,0.855,30
2011,7.96,0.716,58.88,0.927,0.418,0.775,23
2012,8.935,0.802,62.82,0.865,0.02,0.821,54
2012,8.357,0.856,61.94,0.703,-0.079,0.892,77
2014,10.599,0.898,72.96,0.624,-0.065,0.92,68
2013,9.237,0.84,65.6,0.692,-0.117,0.6945,72
2015,10.083,0.926,68.2,0.881,-0.174,0.851,4
2015,9.402,0.798,67.2,0.802,-0.09,0.884,115
2014,10.697,0.91,71.62,0.857,0.355,0.484,151
2017,7.324,0.685,55.3,0.733,-0.012,0.867,82
2008,9.898,0.839,59.2,0.727,-0.221,0.899,73
2008,9.063,0.744,58.32,0.386,-0.061,0.91,65
2016,10.899,0.926,72.1,0.907,0.239,0.433,103
2010,9.054,0.847,61.3,0.598,-0.088,0.929,95
2012,7.705,0.521,52.24,0.531,0.236,0.776,0
2009,10.05,0.933,64.16,0.496,-0.303,0.979,84
2015,7.627,0.747,54.5,0.758,0.135,0.873,148
2015,10.977,0.904,68.6,0.849,0.219,0.698,152
2006,7.746,0.793,55.3,0.9375833333333331,0.255,0.829,23
2019,10.759333333333334,0.893,69.44666666666667,0.814,0.013625,0.718,139
2021,10.776,0.926,73.8,0.915,0.24271428571428572,0.415,25
2015,10.496,0.911,68.8,0.808,-0.146,0.886,37
2008,10.199,0.914,63.82,0.621,-0.259,0.961,84
2011,10.37,0.923,71.72,0.882,0.296,0.67625,91
2020,8.565,0.613,50.7,0.77,0.016,0.777,69
2019,7.926428571428572,0.87,57.5,0.651,-0.13983333333333334,0.798,157
2017,10.792,0.934,73.4,0.945,0.163,0.362,25
2007,9.063,0.756,65.58,0.638,-0.078,0.931,115
2015,8.442,0.464,55.2,0.448,0.045,0.685,138
2006,7.36,0.724,43.18,0.306,0.028,0.961,27
2008,10.789,0.923,70.44,0.887,0.007,0.652,12
2019,9.418,0.946,62.5,0.711,0.149,0.873,96
2010,10.864,0.957,71.4,0.921,0.349,0.399,103
2017,10.711,0.931,73.6,0.834,-0.123,0.601,47
2019,10.0,0.896,69.0,0.817,-0.211,0.83,4
2009,8.654,0.842,64.0,0.748,0.082,0.688,138
2015,10.854,0.98,73.0,0.94,0.301,0.639,61
2016,8.437,0.617,48.3,0.769,-0.043,0.757,69
2019,9.461,0.809,68.4,0.815,-0.13,0.874,115
2014,9.847,0.782,67.22,0.779,-0.094,0.63,94
2013,8.829,0.597,64.4,0.572,-0.21,0.771,98
2009,9.388,0.878,63.52,0.863,-0.053,0.806,40
2010,9.878,0.721,65.2,0.678,0.073,0.949,80
2010,8.901,0.859,62.1,0.696,0.166,0.795,54
2009,9.639,0.9,69.76,0.886,0.065,0.787,34
2020,9.383,0.673,62.3,0.77,-0.112,0.8282499999999999,42
2013,7.498,0.714,46.06,0.488,-0.045,0.882,27
2015,9.403,0.639,67.8,0.704,-0.081,0.885,1
2006,8.462,0.933,64.54,0.65,0.089,0.844,58
2013,9.005,0.722,53.9,0.41,-0.104,0.816,3
2019,8.373,0.676,60.7,0.818,0.31,0.794,74
2018,8.934,0.832,67.9,0.909,-0.041,0.808,156
2019,10.655,0.838,73.8,0.709,-0.082,0.866,68
2014,8.146,0.706,53.06,0.812,-0.011,0.809,158
2017,9.858,0.922,71.1,0.936,-0.076,0.742,34
2010,10.982,0.893,64.6,0.703,-0.031,0.486,76
2017,10.429,0.936,68.4,0.862,-0.101,0.668,44
2018,9.339,0.809,62.1,0.879,0.512,0.868,63
2021,9.52,0.697,68.999,0.785,-0.0801,0.901,1
2006,7.593,0.761,45.92,0.555,-0.072,0.761,90
2009,7.723,0.813,58.7,0.616,0.044,0.95,102
2006,7.367,0.796,46.66,0.588,0.028,0.798,21
2017,10.407,0.9,72.2,0.905,-0.176,0.881,118
2011,9.111,0.869,61.62,0.628,-0.082,0.957,95
2020,9.167,0.708,61.4,0.7,-0.021,0.849,65
2020,9.937,0.921,69.2,0.908,-0.084,0.491,153
2013,9.377,0.801,67.28,0.787,-0.191,0.646,41
2014,10.795,0.944,71.28,0.861,0.001,0.512,12
2015,10.185,0.879,65.9,0.656,-0.077,0.808,79
2015,10.588,0.923,74.7,0.832,-0.155,0.654,71
2008,8.271,0.373,55.4,0.335,0.1,0.848,111
2011,8.332,0.724,54.48,0.852,0.011,0.79,52
2007,8.5,0.819,64.78,0.676,0.23,0.826,58
2011,10.705,0.863,69.44666666666667,0.761,0.035,0.755,139
2012,10.669,0.937,72.6,0.841,-0.149,0.608,47
2021,9.629,0.983,62.409,0.877,0.07100000000000001,0.888,147
2013,9.359,0.759,67.24,0.632,-0.127,0.863,1
2015,8.216,0.601,62.8,0.815,-0.068,0.721,10
2015,10.255,0.883,69.3,0.847,-0.007,0.81,113
2012,10.576,0.871,73.898,0.693,-0.281,0.855,108
2021,8.542,0.795,57.161,0.561,-0.062499999999999986,0.731,92
2017,10.837,0.853,66.5,0.884,-0.005,0.557,76
2019,9.597,0.866,67.6,0.447,-0.081,0.89,80
2014,7.559,0.742,51.86,0.71,-0.004,0.801,21
2018,9.066,0.827,63.6,0.863,-0.093,0.786,16
2010,8.92,0.904,60.2,0.631,0.099,0.928,96
2018,7.311,0.727,56.1,0.766,0.05,0.868,82
2008,10.816,0.84,76.82,0.922,0.296,0.274,59
2016,9.515,0.929,61.4,0.749,0.005,0.888,147
2007,10.759,0.926,70.48,0.801,0.167,0.792,51
2008,8.756,0.785,60.0,0.726,-0.092,0.801,16
2014,10.775,0.918,72.84,0.939,0.27,0.442,25
2020,9.244,0.804,69.1,0.829,-0.157,0.855,41
2016,11.105,0.849,66.7,0.949,0.131,0.3715,150
2015,10.712,0.936,71.7,0.833,0.3,0.456,151
2007,7.419,0.845,47.46,0.708,-0.001,0.881,148
2005,9.809,0.82,62.6,0.623,-0.16754545454545455,0.877,146
2011,8.933,0.731,64.4,0.747,-0.126,0.707,43
2010,10.085,0.955,67.3,0.795,0.002,0.905,117
2014,7.638,0.843,49.84,0.652,-0.037,0.658,90
2015,9.637,0.893,64.9,0.856,-0.065,0.755,40
2017,10.834,0.922,71.8,0.857,0.054,0.543,12
2011,8.484,0.8,65.72,0.779,-0.02,0.76,105
2020,9.104,0.741,57.1,0.666,-0.104,0.81,101
2012,9.347,0.785,66.96,0.602,-0.169,0.848,1
2012,10.213,0.926,67.28,0.62,-0.028,0.907,128
2017,7.718,0.741,51.2,0.753,-0.069,0.863,90
2021,7.362,0.569,54.914,0.619,-0.04166666666666668,0.772,143
2017,7.612,0.734,58.0,0.717,0.001,0.757,45
2016,10.31,0.945,68.3,0.7,-0.061,0.917,128
2015,9.003,0.823,63.9,0.869,0.051,0.822,54
2011,10.263,0.863,62.54,0.775,0.078,0.9,144
2013,11.58,0.917,72.24,0.79,-0.054,0.301,85
2008,7.471,0.813,48.44,0.578,-0.055,0.848,148
2018,9.762,0.853,68.2,0.74,-0.1,0.864,125
2013,10.116,0.834,65.38,0.631,-0.073,0.837,79
2021,9.046,0.81,63.901,0.875,-0.05354545454545454,0.839,16
2011,8.048,0.738,48.7,0.817,-0.029,0.87,24
2015,10.853,0.929,72.3,0.935,0.211,0.232,136
2019,11.371,0.944,72.4,0.892,0.074,0.373,66
2021,9.853,0.91,66.253,0.65,-0.165,0.627,11
2013,9.668,0.91,65.28,0.785,-0.095,0.707,19
2011,9.297,0.81,64.66,0.53,-0.181,0.638,2
2010,8.535,0.787,66.5,0.831,-0.006,0.743,156
2007,10.437,0.9,67.44,0.799,-0.063,0.928,37
2021,9.161,0.818,56.799,0.719,-0.15749999999999997,0.847,101
2016,8.95,0.821,61.7,0.908,-0.071,0.792,116
2017,9.583,0.905,66.2,0.765,-0.175,0.794,19
2006,9.942,0.938,66.82,0.733,-0.157,0.852,4
2016,7.8,0.638,56.5,0.775,0.179,0.739,141
2009,8.975,0.779,60.26,0.784,0.191,0.911,63
2016,6.932,0.524,56.2,0.81,0.066,0.824,87
2012,10.149,0.936,67.62,0.811,-0.027,0.888,117
2008,9.391,0.85,63.24,0.848,-0.045,0.728,40
2012,10.958,0.856,66.44,0.92,0.07725000000000001,0.3715,150
2021,7.694,0.764,59.0,0.752,0.038142857142857145,0.761,45
2009,8.474,0.824,65.26,0.661,0.119,0.857,58
2021,10.623,0.88,73.8,0.693,-0.012181818181818183,0.866,68
2011,10.339,0.852,71.56,0.528,-0.316,0.941,53
2007,7.871,0.688,45.72,0.682,-0.067,0.948,158
2015,10.882,0.879,72.0,0.904,0.261,0.412,103
2016,9.839,0.866,68.1,0.569,-0.087,0.849,97
2016,10.37,0.905,72.0,0.838,-0.225,0.922,118
2015,11.4,0.866,75.9,0.887,0.15,0.099,127
2014,9.427,0.909,60.76,0.805,0.032,0.888,147
2008,11.042,0.936,71.56,0.947,0.018,0.503,110
2021,11.053,0.954,73.3,0.96,0.13885714285714285,0.27,110
2007,10.428,0.868,71.44,0.683,0.219,0.868,67
2007,8.97,0.838,65.86,0.736,0.11,0.847,133
2020,10.771,0.904,72.4,0.767,-0.164,0.634,12
2012,9.645,0.906,65.94,0.847,0.38,0.909,142
2009,9.975,0.807,64.24,0.437,-0.18,0.942,79
2017,8.464,0.795,58.7,0.886,0.65,0.619,100
2013,10.608,0.916,72.92,0.499,-0.102,0.943,68
2011,9.192,0.715,65.28,0.603,-0.199,0.913,145
2013,9.438,0.897,63.1,0.569,-0.216,0.937,149
2009,9.884,0.893,59.7,0.856,-0.249,0.845,73
2016,9.228,0.824,63.813,0.827,0.125,0.941,75
2012,10.784,0.927,71.04,0.855,-0.05,0.758,12
2021,10.24,0.822,67.199,0.576,-0.16754545454545455,0.776,146
2016,8.82,0.876,67.5,0.894,-0.09,0.799,156
2018,9.338,0.759,61.7,0.682,-0.215,0.8282499999999999,42
2019,9.475,0.809,65.7,0.784,-0.092,0.884,95
2018,8.647,0.854,67.5,0.797,0.009,0.713,105
2021,8.62,0.864,67.657,0.836,0.044538461538461534,0.664,105
2016,9.564,0.777,64.9,0.713,-0.204,0.607,8
2013,10.182,0.881,62.26,0.661,-0.289,0.934,121
2011,10.129,0.883,61.42,0.626,-0.279,0.935,121
2016,9.946,0.9,68.8,0.886,-0.072,0.676,153
2019,9.607,0.763,60.2,0.736,-0.203,0.846,48
2008,8.44,0.805,66.18,0.889,0.201,0.789,156
2019,7.886,0.687,58.0,0.85,0.1,0.589,141
2014,9.304,0.943,61.4,0.752,0.146,0.909,96
2007,9.181,0.76,64.9,0.605,-0.251,0.817,5
2011,10.783,0.937,70.92,0.88,-0.014,0.711,12
2013,9.751,0.902,70.3,0.898,0.018,0.813,34
2012,9.726,0.704,67.42,0.462,-0.192,0.755,97
2008,9.59,0.832,49.86,0.858,-0.164,0.806,18
2021,9.365,0.811,62.236,0.873,0.3687777777777778,0.867,63
2020,8.08,0.79,64.7,0.758888888888889,-0.04,0.55,140
2006,8.936,0.812,60.58,0.554,-0.164,0.926,95
2016,8.756,0.945,64.5,0.984,0.208,0.5192857142857142,154
2016,7.697,0.559,53.0,0.523,0.042,0.793,0
2020,10.504,0.953,68.5,0.824,-0.122,0.829,84
2013,8.131,0.761,52.32,0.77,-0.104,0.732,158
2019,10.252,0.842,67.2,0.916,0.123,0.782,88
2010,10.839,0.975,70.4,0.944,0.242,0.175,38
2013,7.87,0.701,62.88,0.693,0.063,0.764,140
2015,7.568,0.705,52.4,0.659,0.004,0.693,21
2010,8.383,0.822,62.25,0.504,-0.117,0.752,112
2013,8.192,0.825,57.18,0.708,0.212,0.861,74
2011,9.822,0.931,65.74,0.766,-0.226,0.772,155
2012,10.03,0.892,61.24,0.84,-0.171,0.877,73
2014,10.492,0.948,73.38,0.738,-0.028,0.854,132
2021,10.189,0.903,64.703,0.718,-0.23599999999999996,0.845,121
2009,8.174,0.633,53.66,0.757,0.005,0.89,52
2009,8.996,0.798,67.42,0.771,-0.16,0.755,29
2008,10.689,0.954,70.74,0.759,0.331,0.548,151
2018,6.635,0.485,53.4,0.646,-0.024,0.599,22
2017,10.873,0.914,72.5,0.935,0.17,0.239,136
2018,8.464,0.685,58.5,0.773,0.069,0.799,111
2006,9.991,0.895,58.68,0.643,-0.307,0.935,121
2010,10.779,0.931,70.8,0.807,0.022,0.697,12
2011,9.475,0.872,64.02,0.848,0.014,0.788,40
2012,10.268,0.812,71.62,0.373,-0.305,0.959,53
2018,9.196,0.8,66.8,0.762,-0.186,0.6945,72
2021,9.4,0.935,62.5,0.708,0.11483333333333333,0.856,96
2006,10.745,0.965,69.76,0.969,-0.005,0.132,46
2019,8.992,0.848,68.1,0.952,-0.126,0.788,156
2019,10.817,0.842,66.9,0.867,-0.104,0.557,76
2012,9.344,0.785,67.12,0.825,-0.084,0.73,41
2016,9.262,0.702,66.3,0.614,-0.165,0.811,145
2014,7.991,0.766,52.38,0.642,-0.074,0.82,159
2019,8.925,0.535,66.2,0.757,-0.244,0.757,98
2019,9.86,0.917,66.4,0.657,-0.186,0.546,11
2010,10.649,0.955,71.3,0.841,0.403,0.587,151
2011,9.27,0.756,66.48,0.773,-0.123,0.824,115
2012,9.74,0.902,70.1,0.929,0.046,0.794,34
2007,10.136,0.836,63.52,0.7,-0.167,0.924,79
2021,9.59,0.87,68.098,0.706,0.05388888888888889,0.931,17
2016,9.013,0.811,64.2,0.863,0.011,0.812,54
2006,11.367,0.903,65.92,0.898,-0.033,0.203,150
2014,9.382,0.819,67.02,0.722,-0.136,0.878,115
2008,8.111,0.69,53.26,0.773,0.129,0.576,39
2018,10.343,0.904,69.6,0.861,-0.131,0.837,113
2014,8.953,0.821,62.36,0.881,0.018,0.832,16
2018,9.386,0.942,62.3,0.696,0.054,0.849,96
2006,10.526,0.946,71.2,0.932,0.312,0.224,104
2009,10.714,0.935,70.76,0.844,0.127,0.69,51
2016,9.788,0.927,65.5,0.658,-0.125,0.664,11
2011,9.069,0.825,60.62,0.878,0.438,0.962,63
2011,10.196,0.917,67.04,0.727,0.01,0.907,128
2011,7.777,0.824,45.74,0.618,-0.087,0.768,81
2012,9.342,0.779,66.78,0.42,-0.013,0.953,17
2016,10.861,0.912,72.4,0.918,0.146,0.246,136
2015,10.098,0.931,62.8,0.74,-0.037,0.714,73
2007,8.028,0.717,46.56,0.644,-0.031,0.91,24
2005,10.652,0.962,71.3,0.957,0.256,0.503,25
2021,10.867,0.934,72.7,0.945,0.15036363636363634,0.237,136
2010,9.675,0.915,69.7,0.881,0.047,0.763,34
2010,7.967,0.549,60.7,0.659,-0.016,0.774,10
2017,8.039,0.816,62.4,0.845,0.134,0.77,102
2017,9.532,0.775,67.5,0.564,0.092,0.923,17
2017,7.588,0.517,60.5,0.908,0.051,0.214,122
2018,8.523,0.621,49.5,0.713,-0.05,0.791,69
2007,7.377,0.771,47.42,0.582,-0.06,0.833,21
2007,10.074,0.885,59.26,0.593,-0.284,0.933,121
2015,9.261,0.609,66.0,0.711,-0.226,0.815,145
2019,8.853,0.915,65.4,0.97,0.304,0.511,154
2021,9.569,0.836,65.656,0.814,-0.17225000000000001,0.506,8
2015,9.699,0.866,66.6,0.885,0.316,0.914,142
2021,10.279,0.823,72.6,0.582,-0.2800833333333333,0.823,53
2011,9.755,0.818,67.26,0.546,-0.226,0.762,97
2014,10.798,0.87,69.44666666666667,0.693,0.092,0.866,139
2007,9.892,0.736,64.48,0.686,-0.188,0.949,120
2016,8.19,0.615,56.7,0.786,-0.072,0.79,32
2012,9.826,0.932,65.78,0.804,-0.193,0.743,155
2015,9.472,0.96,61.0,0.701,0.093,0.888,147
2016,10.595,0.9,74.8,0.836,-0.062,0.698,71
2008,10.579,0.948,72.34,0.834,-0.15,0.683,132
2007,9.515,0.886,63.78,0.777,-0.016,0.728,19
2013,10.243,0.687,71.68,0.426,-0.272,0.941,53
2009,7.54,0.552,51.2,0.679,0.19,0.85,0
2014,10.783,0.8745,67.42,0.8694999999999999,0.06933333333333334,0.59525,9
2006,10.746,0.812,76.82,0.91,0.156,0.356,59
2021,8.458,0.651,58.709,0.726,0.1262,0.787,111
2019,8.965,0.729,59.1,0.906,0.061,0.62,78
2008,8.652,0.712,63.9,0.661,0.122,0.68,138
2019,10.882,0.934,72.7,0.942,0.091,0.25,136
2014,8.659,0.952,64.0,0.954,0.061,0.536,154
2011,10.353,0.856,71.0,0.875,-0.173,0.962,118
2010,10.368,0.864,70.8,0.721,-0.106,0.948,118
2014,10.956,0.902,68.62,0.866,0.221,0.702,152
2010,10.169,0.92,66.8,0.636,-0.101,0.907,128
2013,9.541,0.832,64.942,0.641,0.025,0.861,109
2011,7.846,0.865,48.12,0.633,-0.088,0.83,159
2013,10.42,0.888,68.52,0.726,-0.156,0.916,37
2007,11.212,0.921,73.9,0.867,0.293,0.064,127
2008,8.339,0.894,62.32,0.831,-0.023,0.5192857142857142,154
2020,9.462,0.874,66.4,0.859,-0.058,0.941,95
2011,7.146,0.303,51.58,0.584,-0.07,0.832,143
2010,6.941,0.655,49.4,0.817,-0.023,0.529,106
2021,9.054,0.762,66.402,0.888,-0.11969230769230768,0.688,43
2014,10.82,0.933,72.22,0.945,0.202,0.25,136
2018,7.859,0.675,57.5,0.807,0.153,0.612,141
2011,10.133,0.905,67.46,0.868,-0.067,0.908,117
2019,9.979,0.933,69.1,0.903,-0.095,0.599,153
2011,7.567,0.598,50.22,0.797,0.041,0.743,55
2021,10.823,0.906,72.199,0.783,-0.026846153846153846,0.646,12
2011,6.925,0.818,49.92,0.78,-0.055,0.549,106
2011,9.83,0.891,68.14,0.851,-0.08,0.556,153
2013,8.668,0.759,66.98,0.92,-0.027,0.771,156
2008,9.52,0.832,64.82,0.868,0.425,0.933,142
2010,7.457,0.734,45.1,0.505,0.025,0.858,27
2020,10.215,0.779,72.8,0.565,-0.241,0.764,53
2016,10.136,0.809,66.6,0.822,-0.115,0.949,120
2020,10.701,0.89,66.9,0.884,-0.111,0.5446666666666666,123
2005,10.108,0.93,64.6,0.697,-0.157,0.903,60
2010,8.686,0.805,60.6,0.893,0.033,0.812,116
2015,10.576,0.791,73.898,0.785,-0.281,0.659,108
2010,7.528,0.83,50.4,0.801,-0.015,0.855,148
2011,9.838,0.733,65.28,0.657,0.006,0.911,80
2013,8.445,0.676,55.24,0.794,-0.065,0.88,52
2018,8.555,0.761,57.2,0.817,0.062,0.846,52
2018,11.056,0.966,73.2,0.96,0.094,0.268,110
2014,10.197,0.924,67.94,0.875,-0.064,0.898,117
2008,10.384,0.886,70.32,0.646,-0.217,0.933,118
2016,8.668,0.853,66.9,0.717,0.039,0.731,105
2021,8.485,0.826,62.25,0.653,-0.12133333333333332,0.821,112
2008,6.918,0.607,47.88,0.649,-0.055,0.749,106
2010,9.579,0.726,66.2,0.463,-0.17,0.965,125
2013,9.369,0.797,66.84,0.703,-0.066,0.87,115
2017,11.461,0.897,76.5,0.926,0.136,0.162,127
2016,10.855,0.895,69.44666666666667,0.719,-0.049,0.811,139
2009,9.158,0.9,64.28,0.718,0.027,0.857,114
2020,10.626,0.929,72.7,0.885,0.203,0.49,151
2021,7.158,0.744,54.706,0.882,0.037166666666666674,0.684,99
2021,9.826,0.913,70.6,0.854,0.024,0.825,89
2016,11.106,0.928,73.5,0.934,0.088,0.302,137
2021,10.369,0.936,69.201,0.766,-0.07225000000000001,0.911,128
2017,11.266,0.943,72.2,0.905,0.216,0.337,66
2017,10.278,0.753,72.2,0.438,-0.29,0.872,53
2018,10.474,0.929,67.3,0.699,-0.237,0.852,84
2021,10.871,0.898,69.6,0.784,0.013625,0.721,139
2014,10.714,0.952,71.36,0.933,-0.001,0.265,46
2016,7.477,0.584,55.3,0.304,0.291,0.839,57
2020,10.643,0.947,74.2,0.823,-0.169,0.565,47
2018,10.743,0.928,72.3,0.838,0.226,0.404,151
2008,9.821,0.876,66.38,0.677,-0.128,0.785,94
2006,8.326,0.735,44.12,0.649,0.085,0.871,107
2006,10.224,0.887,61.76,0.84,0.141,0.917,144
2021,9.805,0.888,67.401,0.884,0.38190909090909086,0.895,142
2014,8.299,0.774,57.74,0.8537142857142858,0.698,0.592,100
2018,9.061,0.82,66.1,0.863,-0.095,0.801,43
2018,10.223,0.789,67.0,0.875,0.127,0.894,88
2020,10.459,0.958,69.0,0.954,-0.082,0.398,44
2019,9.173,0.845,56.8,0.739,-0.174,0.879,101
2016,7.987,0.857,63.5,0.703,0.01,0.632,140
2008,8.943,0.675,60.12,0.596,0.164,0.968,63
2021,9.186,0.877,67.5,0.89,-0.0706,0.884,70
2012,9.965,0.74,65.64,0.645,-0.112,0.959,120
2008,9.236,0.829,66.44,0.64,-0.094,0.801,41
2013,9.348,0.846,60.52,0.705,-0.071,0.888,147
2008,9.465,0.684,62.64,0.601,-0.029,0.715,8
2014,11.598,0.875,72.42,0.938,0.106,0.366,85
2005,10.642,0.94,71.3,0.895,-0.1122222222222222,0.688,47
2018,7.087,0.612,53.5,0.791,0.009,0.637,106
2017,8.73,0.607,59.7,0.886,-0.042,0.781,62
2010,9.317,0.918,64.7,0.788,-0.046,0.6945,72
2017,10.586,0.903,74.1,0.756,-0.032,0.791,132
2008,7.052,0.291,50.18,0.287,-0.055,0.932,143
2010,7.917,0.76,56.1,0.777,-0.077,0.851,124
2008,8.052,0.827,52.86,0.62,-0.012,0.909,74
2011,10.475,0.809,71.66,0.682,-0.048,0.827,131
2007,8.394,0.856,66.02,0.918,0.089,0.754,156
2007,6.742,0.6,46.26,0.91,0.202,0.691,87
2006,9.492,0.883,46.82,0.824,-0.195,0.723,18
2014,6.937,0.822,51.66,0.556,0.009,0.814,33
2016,11.199,0.958,72.1,0.875,0.174,0.399,66
2017,9.194,0.815,66.6,0.766,-0.152,0.6945,72
2007,9.63,0.918,69.88,0.923,0.098,0.82,34
2014,9.476,0.644,64.86,0.767,0.241,0.64,64
2021,10.743,0.891,66.603,0.877,-0.11033333333333334,0.684,123
2009,8.407,0.835,65.16,0.746,0.07,0.794,105
2011,7.336,0.818,56.22,0.546,-0.062,0.897,86
2019,9.458,0.883,64.9,0.715,-0.081,0.885,149
2014,10.257,0.832,71.74,0.369,-0.288,0.93,53
2021,8.973,0.85,68.034,0.94,-0.004333333333333332,0.796,156
2013,10.817,0.931,71.14,0.894,0.024,0.566,51
2018,9.605,0.984,62.2,0.858,0.26,0.888,147
2014,10.144,0.881,65.64,0.671,-0.043,0.804,79
2019,9.432,0.848,56.9,0.738,-0.134,0.82,130
2013,10.809,0.967,72.84,0.923,0.306,0.713,61
2021,7.838,0.639,55.008,0.697,0.035222222222222224,0.766,55
2018,7.477,0.538,55.7,0.591,0.422,0.72,57
2011,9.54,0.725,63.64,0.537,-0.105,0.795,8
2011,10.489,0.893,72.46,0.722,0.141,0.891,67
2018,10.251,0.847,66.8,0.529,-0.176,0.805,146
2016,10.56,0.942,73.8,0.768,-0.048,0.819,132
2016,9.83,0.901,70.9,0.873,-0.032,0.781,34
2011,9.24,0.753,60.16,0.59,-0.151,0.859,42
2016,7.695,0.836,50.7,0.696,-0.07,0.862,90
2013,10.037,0.831,66.08,0.791,0.264,0.755,88
2006,8.185,0.844,59.98,0.678,-0.14,0.879,77
2014,9.25,0.725,58.64,0.646,-0.001,0.726,65
2018,8.818,0.921,65.1,0.97,0.318,0.52,154
2015,9.457,0.656,66.9,0.631,-0.055,0.96,17
2007,9.576,0.858,61.4,0.667,-0.225,0.695,11
2008,9.909,0.803,65.28,0.78,0.044,0.884,88
2009,9.977,0.919,67.18,0.637,-0.13,0.885,4
2011,11.595,0.934,71.88,0.962,0.106,0.388,85
2018,9.589,0.882,66.4,0.751,-0.117,0.763,19
2014,7.6,0.869,45.58,0.681,0.034,0.786,126
2010,10.914,0.912,66.4,0.878,0.057,0.355,150
2008,8.082,0.555,52.2,0.526,-0.098,0.7781666666666668,32
2016,8.167,0.659,51.1,0.713,-0.003,0.879,24
2016,10.146,0.798,69.0,0.672,-0.065,0.884,35
2006,9.461,0.894,64.14,0.863,0.331,0.935,142
2013,6.88,0.83,51.22,0.48,0.012,0.913,33
2008,9.144,0.608,64.96,0.614,-0.224,0.498,50
2009,11.149,0.866,74.5,0.776,-0.075,0.035,127
2020,9.913,0.887,68.9,0.802,0.06,0.845,97
2020,10.447857142857142,0.938,72.2,0.931,0.3647142857142857,0.675,91
2009,9.568,0.77,66.0,0.373,-0.178,0.961,125
2019,10.319,0.891,72.6,0.614,-0.289,0.848,53
2010,9.724,0.805,67.1,0.552,-0.206,0.757,97
2009,9.145,0.799,66.06,0.638,-0.079,0.88,115
2014,8.986,0.798,65.0,0.778,-0.194,0.781,43
2017,8.782,0.942,64.8,0.985,0.123,0.465,154
2006,8.335,0.888,65.86,0.886,0.015,0.7857272727272728,156
2018,9.451,0.814,66.9,0.808,-0.163,0.677,5
2020,11.001,0.937,68.1,0.85,0.034,0.678,152
2010,9.303,0.733,66.4,0.569,-0.172,0.726,1
2019,7.155,0.742,55.2,0.87,0.073,0.682,99
2009,7.622,0.733,47.78,0.634,0.008,0.819,90
2016,9.355,0.842,67.9,0.846,-0.015,0.774,41
2011,8.18,0.637,54.58,0.745,-0.109,0.833,32
2015,8.985,0.829,62.7,0.884,-0.03,0.862,16
2011,9.547,0.582,64.14,0.798,0.2,0.665,64
2018,9.778,0.795,58.9,0.818,-0.254,0.807,18
2021,10.796,0.94,73.9,0.914,0.25016666666666665,0.442,6
2013,10.884,0.955,71.8,0.884,0.331,0.558,66
2010,10.361,0.908,71.6,0.802,0.287,0.67625,91
2010,9.94,0.904,60.2,0.785,-0.215,0.823,73
2016,10.074,0.841,69.7,0.652,0.102,0.858,28
2014,7.611,0.821,53.68,0.834,0.009,0.898,148
2017,10.293,0.877,67.2,0.661,-0.139,0.886,60
2015,10.166,0.851,65.6,0.653,-0.016,0.806,146
2008,10.738,0.939,71.84,0.926,0.262,0.37,25
2013,10.285,0.883,62.82,0.847,0.128,0.948,144
2010,11.592,0.952,71.7,0.908,0.096,0.423,85
2017,8.555,0.733,49.3,0.826,0.124,0.835,107
2017,10.238,0.876,66.4,0.644,-0.237,0.671,146
2011,7.904,0.602,56.56,0.641,-0.16,0.87,124
2013,10.851,0.965,71.06,0.92,0.215,0.17,38
2021,7.943,0.75,56.201,0.677,-0.0794,0.821,159
2007,10.727,0.912,72.26,0.684,0.113,0.922,68
2012,8.626,0.775,66.82,0.856,-0.11,0.815,156
2012,8.014,0.606,59.26,0.956,0.247,0.89,23
2015,9.308,0.868,62.3,0.775,-0.044,0.6926,83
2021,10.817,0.843,66.9,0.867,-0.074,0.736,76
2016,9.5,0.808,67.2,0.633,0.134,0.957,17
2007,8.892,0.872,61.6,0.705,0.033,0.769,13
2013,10.52,0.797,72.18,0.642,-0.05,0.832,131
2019,10.931,0.982,73.0,0.959,0.2732,0.699,61
2011,9.705,0.892,69.9,0.926,-0.033,0.837,34
2011,10.887,0.846,76.82,0.894,0.235,0.245,59
2014,9.627,0.783,66.84,0.532,0.072,0.912,125
2014,9.932,0.902,68.56,0.904,-0.073,0.533,153
2009,10.975,0.885,66.28,0.849,0.019,0.339,150
2013,9.192,0.803,62.26,0.658,-0.069,0.941,95
2008,10.674,0.935,71.84,0.833,-0.031,0.669,47
2014,10.325,0.862,71.6,0.847,-0.126,0.941,118
2015,11.617,0.934,72.6,0.932,0.052,0.375,85
2019,11.648,0.912,72.6,0.93,-0.045,0.39,85
2012,10.315,0.866,71.2,0.774,-0.097,0.959,118
2009,8.278,0.756,54.0,0.644,-0.052,0.832,157
2019,10.661,0.783,73.9,0.706,-0.055,0.718,131
2021,10.704,0.942,74.0,0.822,-0.1122222222222222,0.571,47
2018,10.008,0.909,66.4,0.867,-0.073,0.785,93
2020,9.583,0.899,68.4,0.74,0.138,0.916,17
2012,8.992,0.753,53.2,0.456,-0.136,0.906,3
2021,11.488,0.915,76.953,0.927,0.08957142857142857,0.082,127
2010,9.112,0.854,59.6,0.419,-0.125,0.859,65
2017,9.307,0.638,61.4,0.593,-0.152,0.8282499999999999,42
2019,10.205,0.91,64.7,0.715,-0.116,0.848,121
2019,10.757,0.912,66.6,0.891,-0.147,0.5446666666666666,123
2021,7.396,0.686,59.305,0.552,-0.035222222222222224,0.803,86
2018,9.05,0.846,61.9,0.918,-0.108,0.726,116
2019,9.448,0.892,65.9,0.876,0.028,0.882,114
2021,9.073,0.861,66.7,0.615,-0.20533333333333337,0.827,155
2017,9.969,0.942,66.6,0.689,-0.154,0.911,20
2016,9.47,0.533,64.9,0.606,-0.249,0.561,50
2019,9.711,0.815,65.474,0.725,0.024,0.923,109
2018,10.299,0.794,72.4,0.564,-0.335,0.86,53
2016,11.419,0.925,76.2,0.904,0.143,0.047,127
2007,8.364,0.718,44.64,0.635,0.136,0.918,107
2013,8.242,0.694,54.3,0.543,-0.179,0.885,157
2020,10.75,0.962,72.1,0.962,-0.116,0.164,46
2017,9.039,0.779,63.3,0.884,-0.12,0.819,16
2020,11.053,0.827,67.5,0.942,0.06,0.3715,150
2014,9.739,0.759,65.52,0.657,-0.012,0.939,80
2021,7.678,0.672,54.151,0.695,-0.034444444444444444,0.748,21
2016,10.599,0.93,72.2,0.916,0.345,0.696,91
2013,9.525,0.878,64.46,0.889,0.021,0.752,40
2007,8.898,0.704,59.98,0.603,0.311,0.96,63
2017,9.476,0.638,68.4,0.75,-0.029,0.876,1
2017,10.916,0.952,72.1,0.955,0.155,0.181,38
2015,8.359,0.752,58.1,0.808,0.688,0.633,100
2008,10.112,0.855,63.88,0.63,-0.203,0.926,79
2012,10.861,0.939,71.64,0.877,0.288,0.434,103
2016,7.384,0.657,47.6,0.681,0.106,0.863,126
2017,9.584,0.714,65.7,0.731,0.218,0.715,64
2008,7.549,0.774,50.5,0.562,0.256,0.93,141
2018,8.399,0.706,64.3,0.901,-0.043,0.701,10
2008,7.916,0.756,54.74,0.612,-0.03,0.879,124
2009,9.885,0.832,68.84,0.747,0.149,0.734,28
2006,8.398,0.877,64.14,0.745,0.01,0.844,105
2011,7.88,0.633,54.7,0.746,-0.057,0.519,39
2006,11.05,0.951,71.54,0.919,0.29,0.408,137
2015,8.542,0.875,56.1,0.447,0.055,0.715,92
2014,9.241,0.805,62.58,0.623,-0.113,0.925,95
2016,9.64,0.871,65.225,0.706,0.08,0.87,109
2007,9.321,0.841,63.98,0.646,-0.112,0.664,72
